0;1;Textual;Var0001;dt_aplicacao;;Data de aplicaç†o: ______________ 
0;2;Textual;Var0002;nome_pesquisador;;Pesquisador: ____________________
0;3;Categorica exclusiva;Var0003;;;Local de residência: _ Zona urbana _ Zona rural 
0;4;Categorica exclusiva;Var0004;;;A residência estˆ em Unidades de Conservaç†o? _ Sim _ N†o
0;5;Textual-numerica;Var0005;;;A1 Nome completo
0;6;Textual-numerica;Var0006;;;A2 Apelido: ________________________
0;7;Categorica exclusiva;Var0007;;;A3 UF:_________________
0;8;Textual-numerica;Var0008;;;A4 Municipio: ___________________
0;9;Textual-numerica;Var0009;;;A5 Comunidade: ____________________
0;10;N‹o h‡ (enunciado da quest‹o);N†o hˆ (enunciado da quest†o);;;A6 Documentos pessoais: 
0;10.1;Categorica variada;Var0010;;;_ Certid†o de Nascimento 
0;10.2;Categorica variada;Var0011;;;_  Carteira de Identidade (RG) 
0;10.3;Categorica variada;Var0012;;;_ Cadastro de Pessoa Fisica (CPF)
0;10.4;Categorica variada;Var0013;;;_  Carteira de Trabalho
0;10.5;Categorica variada;Var0014;;;_ Registro Geral da Pesca (RGP)
0;10.6;Categorica variada;Var0015;;;_  DeclaraÎ_ao de Aptidao ao Pronaf (DAP)
0;10.7;Categorica variada;Var0016;;;_  Outro. 
0;10.7.1;Textual;Var0017;;;Outro (quais):________
0;11;Numerica;Var0018;;;A7 Idade: 
0;12;Categorica exclusiva;Var0019;;;Sexo: _ Masculino _ Feminino
0;13;Numerica;Var0020;;;A8 Telefone ou contato:______
0;14;N‹o h‡ (enunciado da quest‹o);N†o hˆ (enunciado da quest†o);;;A9 Acesso _ comunidade:
0;14.1;Categorica variada;Var0021;;;_ Terrestre
0;14.2;Categorica variada;Var0022;;;_ Fluvial
0;14.3;Categorica variada;Var0023;;;_ MarÍtimo
0;15;Textual-numerica;Var0024;;;A10 Distancia do municipio mais proximo (horas/ km): ____________________
0;16;Categorica exclusiva;Var0025;;;A13 Estado Civil: _ Casado _ Solteiro _ Divorciado _ Viìvo _ Uniao Estˆvel
0;17;Categorica exclusiva;Var0026;;;A14 Escolaridade: _ Analfabeto _ Fundamental I incompleto _ Fundamental I completo _ Fundamental II incompleto _ Fundamental II completo _ M_dio incompleto _ M_dio completo _ Superior incompleto _ Superior completo _ N†o Sabe _ N†o respondeu
0;18;Categorica exclusiva;Var0027;;;Responsˆvel pela unidade familiar: _ Sim _ N†o
1;1.1;Numerica;Var0028;;;Quantas pessoas moram na sua casa? 
1;1.1.1x1;Textual-numerica;Var0029;;;Identificaç†o (primeiro nome)
1;1.1.1x2;Categorica exclusiva;Var0030;;;Sexo: _ M _ F
1;1.1.1x3;Numerica;Var0031;;;Idade
1;1.1.1x4;Textual-numerica;Var0032;;;Parentesco
1;1.1.1x5;Categorica exclusiva;Var0033;;;Ja frequentou a escola? _ Sim _ N†o
1;1.1.1x6;Numerica;Var0034;;;At_ que ano?
1;1.1.1x7;Categorica exclusiva;Var0035;;;Atualmente estuda? _ Sim _ N†o
1;1.1.2x1;Textual-numerica;Var0036;;;Identificaç†o (primeiro nome)
1;1.1.2x2;Categorica exclusiva;Var0037;;;Sexo: _ M _ F
1;1.1.2x3;Numerica;Var0038;;;Idade
1;1.1.2x4;Textual-numerica;Var0039;;;Parentesco
1;1.1.2x5;Categorica exclusiva;Var0040;;;Ja frequentou a escola? _ Sim _ N†o
1;1.1.2x6;Numerica;Var0041;;;At_ que ano?
1;1.1.2x7;Categorica exclusiva;Var0042;;;Atualmente estuda? _ Sim _ N†o
1;1.1.3x1;Textual-numerica;Var0043;;;Identificaç†o (primeiro nome)
1;1.1.3x2;Categorica exclusiva;Var0044;;;Sexo: _ M _ F
1;1.1.3x3;Numerica;Var0045;;;Idade
1;1.1.3x4;Textual-numerica;Var0046;;;Parentesco
1;1.1.3x5;Categorica exclusiva;Var0047;;;Ja frequentou a escola? _ Sim _ N†o
1;1.1.3x6;Numerica;Var0048;;;At_ que ano?
1;1.1.3x7;Categorica exclusiva;Var0049;;;Atualmente estuda? _ Sim _ N†o
1;1.1.4x1;Textual-numerica;Var0050;;;Identificaç†o (primeiro nome)
1;1.1.4x2;Categorica exclusiva;Var0051;;;Sexo: _ M _ F
1;1.1.4x3;Numerica;Var0052;;;Idade
1;1.1.4x4;Textual-numerica;Var0053;;;Parentesco
1;1.1.4x5;Categorica exclusiva;Var0054;;;Ja frequentou a escola? _ Sim _ N†o
1;1.1.4x6;Numerica;Var0055;;;At_ que ano?
1;1.1.4x7;Categorica exclusiva;Var0056;;;Atualmente estuda? _ Sim _ N†o
1;1.1.5x1;Textual-numerica;Var0057;;;Identificaç†o (primeiro nome)
1;1.1.5x2;Categorica exclusiva;Var0058;;;Sexo: _ M _ F
1;1.1.5x3;Numerica;Var0059;;;Idade
1;1.1.5x4;Textual-numerica;Var0060;;;Parentesco
1;1.1.5x5;Categorica exclusiva;Var0061;;;Ja frequentou a escola? _ Sim _ N†o
1;1.1.5x6;Numerica;Var0062;;;At_ que ano?
1;1.1.5x7;Categorica exclusiva;Var0063;;;Atualmente estuda? _ Sim _ N†o
1;1.1.6x1;Textual-numerica;Var0064;;;Identificaç†o (primeiro nome)
1;1.1.6x2;Categorica exclusiva;Var0065;;;Sexo: _ M _ F
1;1.1.6x3;Numerica;Var0066;;;Idade
1;1.1.6x4;Textual-numerica;Var0067;;;Parentesco
1;1.1.6x5;Categorica exclusiva;Var0068;;;Ja frequentou a escola? _ Sim _ N†o
1;1.1.6x6;Numerica;Var0069;;;At_ que ano?
1;1.1.6x7;Categorica exclusiva;Var0070;;;Atualmente estuda? _ Sim _ N†o
1;1.1.7x1;Textual-numerica;Var0071;;;Identificaç†o (primeiro nome)
1;1.1.7x2;Categorica exclusiva;Var0072;;;Sexo: _ M _ F
1;1.1.7x3;Numerica;Var0073;;;Idade
1;1.1.7x4;Textual-numerica;Var0074;;;Parentesco
1;1.1.7x5;Categorica exclusiva;Var0075;;;Ja frequentou a escola? _ Sim _ N†o
1;1.1.7x6;Numerica;Var0076;;;At_ que ano?
1;1.1.7x7;Categorica exclusiva;Var0077;;;Atualmente estuda? _ Sim _ N†o
1;1.1.8x1;Textual-numerica;Var0078;;;Identificaç†o (primeiro nome)
1;1.1.8x2;Categorica exclusiva;Var0079;;;Sexo: _ M _ F
1;1.1.8x3;Numerica;Var0080;;;Idade
1;1.1.8x4;Textual-numerica;Var0081;;;Parentesco
1;1.1.8x5;Categorica exclusiva;Var0082;;;Ja frequentou a escola? _ Sim _ N†o
1;1.1.8x6;Numerica;Var0083;;;At_ que ano?
1;1.1.8x7;Categorica exclusiva;Var0084;;;Atualmente estuda? _ Sim _ N†o
1;1.1.9x1;Textual-numerica;Var0085;;;Identificaç†o (primeiro nome)
1;1.1.9x2;Categorica exclusiva;Var0086;;;Sexo: _ M _ F
1;1.1.9x3;Numerica;Var0087;;;Idade
1;1.1.9x4;Textual-numerica;Var0088;;;Parentesco
1;1.1.9x5;Categorica exclusiva;Var0089;;;Ja frequentou a escola? _ Sim _ N†o
1;1.1.9x6;Numerica;Var0090;;;At_ que ano?
1;1.1.9x7;Categorica exclusiva;Var0091;;;Atualmente estuda? _ Sim _ N†o
1;1.1.10x1;Textual-numerica;Var0092;;;Identificaç†o (primeiro nome)
1;1.1.10x2;Categorica exclusiva;Var0093;;;Sexo: _ M _ F
1;1.1.10x3;Numerica;Var0094;;;Idade
1;1.1.10x4;Textual-numerica;Var0095;;;Parentesco
1;1.1.10x5;Categorica exclusiva;Var0096;;;Ja frequentou a escola? _ Sim _ N†o
1;1.1.10x6;Numerica;Var0097;;;At_ que ano?
1;1.1.10x7;Categorica exclusiva;Var0098;;;Atualmente estuda? _ Sim _ N†o
1;1.2;N‹o h‡ (enunciado de quest‹o);N†o hˆ (enunciado de quest†o);;;Quem _ responsˆvel pela unidade familiar?
1;1.2.1x1;Textual-numerica;Var0099;;;Parentesco/VÍnculo: __________
1;1.2.1x2;Categorica exclusiva;Var0100;;;Sexo: _ M _ F
1;1.2.2x1;Textual-numerica;Var0101;;;Parentesco/VÍnculo: __________
1;1.2.2x2;Categorica exclusiva;Var0102;;;Sexo: _ M _ F
1;1.2.3x1;Textual-numerica;Var0103;;;Parentesco/VÍnculo: __________
1;1.2.3x2;Categorica exclusiva;Var0104;;;Sexo: _ M _ F
1;1.2.4x1;Textual-numerica;Var0105;;;Parentesco/VÍnculo: __________
1;1.2.4x2;Categorica exclusiva;Var0106;;;Sexo: _ M _ F
1;2.1;Categorica exclusiva;Var0107;;;Algum dos seus filhos/irm†os n†o vive mais na comunidade? _ Sim _ N†o
1;2.2;Numerica;Var0108;;;Se sim, quantos?
1;2.3;Categorica exclusiva;Var0109;;;Se sim, por que? _ Para estudar _ Para buscar oportunidade _ Para ter acesso a serviços bˆsicos (saìde, moradia, segurança) _ Casou-se com algu_m de fora _ Aposentou-se _ Outro.
1;2.3.1;Textual-numerica;Var0110;;;Outro. Qual? __________
1;3.1;Categorica exclusiva;Var0111;;;Você _ proprietario do terreno onde mora? _ Sim _ N†o
1;3.2;Categorica exclusiva;Var0112;;;Se sim, qual foi a forma de aquisiç†o? _ Compra _ Herança _ Doaç†o _ Proveniente de assentamento _ Ocupaç†o _ N†o sabe _ Outra
1;3.3;Categorica exclusiva;Var0113;;;Se n†o, qual _ o seu vÍnculo com o proprietˆrio do terreno? _ Filho _ C»njuge _ Genro/Nora _ Cunhado(a) _ Sogro(a) _ Locatˆrio _ Arrendatˆrio _ Meeiro, terça ou quarta _ N†o sei
1;4.1;Categorica exclusiva;Var0114;;;Qual _ a forma de abastecimento de energia el_trica na sua casa? _ N†o tem energia el_trica _ Gerador comunitˆrio _ Gerador domiciliar _ Rede geral de energia _ Outro.
1;4.1.1;Textual-numerica;Var0115;;;Outro. Qual? __________
1;5.1;Categorica exclusiva;Var0116;;;Como _ feito o abastecimento de ˆgua da sua casa? _ Rede de distribuiç†o _ Poço _ Pega do rio (ou igarap_) com o balde _ Usa bomba el_trica para puxar a ˆgua do rio (ou igarap_) _ Outro.
1;5.1.1;Textual-numerica;Var0117;;;Outro. Qual? __________
1;6.1;Categorica exclusiva;Var0118;;;Como _ tratada a ˆgua para beber na sua casa? _ € filtrada _ € tratada com cloro/hipoclorito/ˆgua sanitˆria _ € fervida _ Outro.
1;6.1.1;Textual-numerica;Var0119;;;Outro: __________
1;7.1;Categorica exclusiva;Var0120;;;O que _ feito com o lixo da casa? _ € queimado _ € enterrado _ Jogado no terreno _ Jogado em rio, igarap_, lago ou mar _ Outro.
1;7.1.1;Textual-numerica;Var0121;;;Outro: __________
1;8.1;N‹o h‡ (enunciado de quest‹o);N†o hˆ (enunciado de quest†o);;;Você tem acesso _ informaç†o por quais meios?
1;8.1.1;Categorica variada;Var0122;;;_ Televis†o
1;8.1.2;Categorica variada;Var0123;;;_ Rˆdio
1;8.1.3;Categorica variada;Var0124;;;_ Rˆdio Comunitˆria
1;8.1.4;Categorica variada;Var0125;;;_ Rˆdio amador
1;8.1.5;Categorica variada;Var0126;;;_ Internet
1;8.1.6;Categorica variada;Var0127;;;_ Telefone celular
1;8.1.7;Categorica variada;Var0128;;;_ Telefone fixo
1;8.1.8;Categorica variada;Var0129;;;_ Telefone pìblico (orelh†o)
1;8.1.9;Categorica variada;Var0130;;;_ Telefone rural
1;8.1.10;Categorica variada;Var0131;;;_ Sindicato
1;8.1.11;Categorica variada;Var0132;;;_ Associaç†o
1;8.1.12;Categorica variada;Var0133;;;_ Sistema de som (carro, moto, bicicleta)
1;8.1.13;Categorica variada;Var0134;;;_ Sistema pìblico de som
1;8.1.14;Categorica variada;Var0135;;;_ Material impresso (jornal, revista, jornal comunitˆrio)
1;9.1;N‹o h‡ (enunciado de quest‹o);N†o hˆ (enunciado de quest†o);;;Quais programas sociais (benefÍcios do governo) atendem a sua famÍlia?
1;9.1.1x1;Categorica variada;Var0136;;;_ Bolsa famÍlia
1;9.1.1x2;Numerica;Var0137;;;Valor da parcela
1;9.1.2x1;Categorica variada;Var0138;;;_ Luz para Todos
1;9.1.2x2;Numerica;Var0139;;;Valor da parcela
1;9.1.3x1;Categorica variada;Var0140;;;_ Bolsa Verde
1;9.1.3x2;Numerica;Var0141;;;Valor da parcela
1;9.1.4x1;Categorica variada;Var0142;;;_ Seguro defeso
1;9.1.4x2;Numerica;Var0143;;;Valor da parcela
1;9.1.5x1;Categorica variada;Var0144;;;_ Seguro desemprego
1;9.1.5x2;Numerica;Var0145;;;Valor da parcela
1;9.1.6x1;Categorica variada;Var0146;;;_ Aposentadoria
1;9.1.6x2;Numerica;Var0147;;;Valor da parcela
1;9.1.7x1;Categorica variada;Var0148;;;_ AuxÍlio-doença
1;9.1.7x2;Numerica;Var0149;;;Valor da parcela
1;9.1.8x1;Categorica variada;Var0150;;;_ Seguro maternidade
1;9.1.8x2;Numerica;Var0151;;;Valor da parcela
1;9.1.9x1;Categorica variada;Var0152;;;_ Minha casa, minha vida
1;9.1.9x2;Numerica;Var0153;;;Valor da parcela
1;9.1.10x1;Categorica variada;Var0154;;;_ Outros. Quais?
1;9.1.10x2;Numerica;Var0155;;;Valor da parcela
1;9.1.11x1;Textual-numerica;Var0156;;;Outros. Quais? __________
1;10.1;Categorica exclusiva;Var0157;;;Você faz parte de algum grupo ou organizaç†o (associaç†o, sindicato, cooperativa, col»nia)? _ Sim _ N†o
1;10.2;N‹o h‡ (enunciado de quest‹o);N†o hˆ (enunciado de quest†o);;;Se sim, qual(is) organizaç†o(_es)? 
1;10.2.1;Categorica variada;Var0158;;;_ Associaç†o comunitˆria
1;10.2.2;Categorica variada;Var0159;;;_ Associaç†o de pescadores
1;10.2.3;Categorica variada;Var0160;;;_ Associaç†o de mulheres
1;10.2.4;Categorica variada;Var0161;;;_ Col»nia de pescadores
1;10.2.5;Categorica variada;Var0162;;;_ Sindicato de pescadores
1;10.2.6;Categorica variada;Var0163;;;_ Sindicato dos Trabalhadores Rurais
1;10.2.7;Categorica variada;Var0164;;;_ Cooperativas de pesca
1;10.2.8;Categorica variada;Var0165;;;_ Outras.
1;10.2.8.1;Textual-numerica;Var0166;;;Outras. Quais? __________
1;10.3;Categorica exclusiva;Var0167;;;Outra pessoa da sua famÍlia tamb_m faz parte de algum grupo ou organizaç†o? _ Sim _ N†o
1;10.4;N‹o h‡ (enunciado de quest‹o);N†o hˆ (enunciado de quest†o);;;Se sim, quem?
1;10.4.1;Categorica variada;Var0168;;;_ M†e
1;10.4.2;Categorica variada;Var0169;;;_ Pai
1;10.4.3;Categorica variada;Var0170;;;_ Irm†o/Irm†
1;10.4.3.1;Numerica;Var0171;;;Quantos? __________
1;10.4.4;Categorica variada;Var0172;;;_ Marido/Esposa
1;10.4.5;Categorica variada;Var0173;;;_ Filha/Filho
1;10.4.5.1;Numerica;Var0174;;;Quantos? __________
1;11.1;Categorica exclusiva;Var0175;;;Você participa da gest†o da RESEX? _ Sim _ N†o _ N†o se aplica
1;11.2;N‹o h‡ (enunciado de quest‹o);N†o hˆ (enunciado de quest†o);;;Se sim, como? 
1;11.2.1;Categorica variada;Var0176;;;_ Participa do Conselho Deliberativo
1;11.2.2;Categorica variada;Var0177;;;_ Participa da Associaç†o de Moradores
1;11.2.3;Categorica variada;Var0178;;;_ Participa de reuni_es comunitˆrias
1;11.2.4;Categorica variada;Var0179;;;_ Recebe informaç_es dos representantes da comunidade no Conselho
1;11.2.5;Categorica variada;Var0180;;;_ Outros
1;12.1;Categorica exclusiva;Var0181;;;Você jˆ participou de algum curso de formaç†o ou capacitaç†o na sua comunidade? _ Sim _ N†o _ N†o lembra
1;12.2;Textual-numerica;Var0182;;;Se sim, qual foi o tema do curso?
1;13.1;Categorica exclusiva;Var0183;;;Você jˆ fez algum curso de capacitaç†o fora da comunidade? _ Sim _ N†o _ N†o lembra
1;13.2;N‹o h‡ (enunciado de quest‹o);N†o hˆ (enunciado de quest†o);;;Se sim, qual foi o tema do curso?
1;13.2.1;Categorica variada;Var0184;;;_ Organizaç†o, associativismo e cooperativismo
1;13.2.2;Categorica variada;Var0185;;;_ Comercializaç†o e acesso ao mercado
1;13.2.3;Categorica variada;Var0186;;;_ Gerenciamento de projetos
1;13.2.4;Categorica variada;Var0187;;;_ Educaç†o ambiental
1;13.2.5;Categorica variada;Var0188;;;_ Segurança no trabalho da pesca
1;13.2.6;Categorica variada;Var0189;;;_ T_cnicas de pesca
1;13.2.7;Categorica variada;Var0190;;;_ Manejo do pescado
1;13.2.8;Categorica variada;Var0191;;;_ Manutenç†o de embarcaç†o
1;13.2.9;Categorica variada;Var0192;;;_ Confecç†o de apetrechos de pesca
1;13.2.10;Categorica variada;Var0193;;;_ Manejo de produtos extrativistas
1;13.2.11;Categorica variada;Var0194;;;_ Produç†o agrÍcola
1;13.2.12;Categorica variada;Var0195;;;_ Outros. Quais?
1;13.2.12.1;Textual-numerica;Var0196;;;Outros. Quais? __________
1;13.1.1.12;Categorica variada;Var0197;;;l. (   ) Outros. 
1;13.1.1.12.1;Textual-numerica;Var0198;;;Quais?
1;14.1;N‹o h‡ (enunciado de quest‹o);N†o hˆ (enunciado de quest†o);;;Quais cursos você acha que poderiam ser realizados na comunidade?
1;14.1.1;Categorica variada;Var0199;;;_ Organizaç†o, associativismo e cooperativismo
1;14.1.2;Categorica variada;Var0200;;;_ Comercializaç†o e acesso ao mercado
1;14.1.3;Categorica variada;Var0201;;;_ Gerenciamento de projetos
1;14.1.4;Categorica variada;Var0202;;;_ Educaç†o ambiental
1;14.1.5;Categorica variada;Var0203;;;_ Segurança no trabalho da pesca
1;14.1.6;Categorica variada;Var0204;;;_ T_cnicas de pesca
1;14.1.7;Categorica variada;Var0205;;;_ Manejo do pescado
1;14.1.8;Categorica variada;Var0206;;;_ Manutenç†o de embarcaç†o
1;14.1.9;Categorica variada;Var0207;;;_ Confecç†o de apetrechos de pesca
1;14.1.10;Categorica variada;Var0208;;;_ Manejo de produtos extrativistas
1;14.1.11;Categorica variada;Var0209;;;_ Produç†o agrÍcola
1;14.1.12;Categorica variada;Var0210;;;_ Outros. Quais?
1;14.1.12.1;Textual-numerica;Var0211;;;Outros. Quais? __________
1;15.1;N‹o h‡ (enunciado de quest‹o);N†o hˆ (enunciado de quest†o);;;Quais s†o os principais problemas que atingem a comunidade hoje? 
1;15.1.1;Categorica variada;Var0212;;;_ Falta de energia el_trica
1;15.1.2;Categorica variada;Var0213;;;_ Energia el_trica de mˆ qualidade
1;15.1.3;Categorica variada;Var0214;;;_ Falta de distribuiç†o de ˆgua
1;15.1.4;Categorica variada;Var0215;;;_ çgua de mˆ qualidade
1;15.1.5;Categorica variada;Var0216;;;_ Falta de posto de saìde
1;15.1.6;Categorica variada;Var0217;;;_ Mˆ qualidade no atendimento de saìde
1;15.1.7;Categorica variada;Var0218;;;_ Lixo
1;15.1.8;Categorica variada;Var0219;;;_ Violência
1;15.1.9;Categorica variada;Var0220;;;_ Conflitos entre moradores
1;15.1.10;Categorica variada;Var0221;;;_ Falta de oportunidades de emprego
1;15.1.11;Categorica variada;Var0222;;;_ Falta de escola
1;15.1.12;Categorica variada;Var0223;;;_ Falta de transporte escolar
1;15.1.13;Categorica variada;Var0224;;;_ Falta de estradas de acesso
1;15.1.14;Categorica variada;Var0225;;;_ Falta de trapiche
1;15.1.15;Categorica variada;Var0226;;;_ Outros. Quais?
1;15.1.15.1;Textual-numerica;Var0227;;;Outros. Quais? __________
2;1.1;Categoria exclusiva;Var0228;;;Qual  sua principal ocupaç†o no momento? _ Pescador _ Pescador de camar†o/caranguejo _ Agricultor(a) familiar/Trabalhador(a) rural ... _ Outra
2;2.1;Categorica exclusiva;Var0229;;;Al_m da sua ocupaç†o principal, você tem outra fonte de renda? _ Sim _ N†o
2;2.2;N‹o h‡ (enunciado de quest‹o);N†o hˆ (enunciado de quest†o);;;Se sim, qual? 
2;2.1.1;Categorica variada;Var0230;;;_ Pesca
2;2.1.2;Categorica variada;Var0231;;;_ Pesca de camar†o/caranguejo ...
2;2.1.3;Categorica variada;Var0232;;;_ Agricultura familiar/Trabalho rural 
2;2.1.4;Categorica variada;Var0233;;;_ Extrativismo - AçaÍ
2;2.1.5;Categorica variada;Var0234;;;_ Extrativismo (castanha, castanha de andiroba, buriti, pracaxi, bacaba, taperebˆ, etc.)
2;2.1.6;Categorica variada;Var0235;;;_ Criaç†o de gado
2;2.1.7;Categorica variada;Var0236;;;_ Criaç†o de animais (pato, galinha, porco, boi) 
2;2.1.8;Categorica variada;Var0237;;;_ Artesanato  
2;2.1.9;Categorica variada;Var0238;;;_ Atividades de ensino 
2;2.1.10;Categorica variada;Var0239;;;_ Aposentadoria
2;2.1.11;Categorica variada;Var0240;;;_ Com_rcio
2;2.1.12;Categorica variada;Var0241;;;_ Emprego pìblico
2;2.1.13;Categorica variada;Var0242;;;_ Emprego privado 
2;2.1.14;Categorica variada;Var0243;;;_ Outra 
2;3.1;Categorica exclusiva;Var0244;;;A sua famÍlia tem fonte de renda? _ Sim _ N†o
2;3.2;N‹o h‡ (enunciado de quest‹o);N†o hˆ (enunciado de quest†o);;;Se sim, qual? 
2;3.2.1;Categorica variada;Var0245;;;_ Pesca
2;3.2.2;Categorica variada;Var0246;;;_ Pesca de camar†o/caranguejo ...
2;3.2.3;Categorica variada;Var0247;;;_ Agricultura familiar/Trabalho rural 
2;3.2.4;Categorica variada;Var0248;;;_ Extrativismo - AçaÍ
2;3.2.5;Categorica variada;Var0249;;;_ Extrativismo (castanha, castanha de andiroba, buriti, pracaxi, bacaba, tapereba, etc.)
2;3.2.6;Categorica variada;Var0250;;;_ Criaç†o de gado
2;3.2.7;Categorica variada;Var0251;;;_ Criaç†o de animais (pato, galinha, porco, boi) 
2;3.2.8;Categorica variada;Var0252;;;_ Artesanato  
2;3.2.9;Categorica variada;Var0253;;;_ Atividades de ensino 
2;3.2.10;Categorica variada;Var0254;;;_ Aposentadoria
2;3.2.11;Categorica variada;Var0255;;;_ Com_rcio
2;3.2.12;Categorica variada;Var0256;;;_ Emprego pìblico
2;3.2.13;Categorica variada;Var0257;;;_ Emprego privado 
2;3.2.14;Categorica variada;Var0258;;;_ Outra 
2;3.2.14.1;Textual-numerica;Var0259;;;Outra: __________
2;4.1;N‹o h‡ (enunciado de quest‹o);N†o hˆ (enunciado de quest†o);;;Quais pessoas participam do sustento da casa?
2;4.1.1x1;Textual-numerica;Var0260;;;Parentesco/vÍnculo
2;4.1.1x2;Categorica exclusiva;Var0261;;;Sexo _ M _ F
2;4.1.1x3;Numerica;Var0262;;;Idade
2;4.1.2x1;Textual-numerica;Var0263;;;Parentesco/vÍnculo
2;4.1.2x2;Categorica exclusiva;Var0264;;;Sexo _ M _ F
2;4.1.2x3;Numerica;Var0265;;;Idade
2;4.1.3x1;Textual-numerica;Var0266;;;Parentesco/vÍnculo
2;4.1.3x2;Categorica exclusiva;Var0267;;;Sexo _ M _ F
2;4.1.3x3;Numerica;Var0268;;;Idade
2;4.1.4x1;Textual-numerica;Var0269;;;Parentesco/vÍnculo
2;4.1.4x2;Categorica exclusiva;Var0270;;;Sexo _ M _ F
2;4.1.4x3;Numerica;Var0271;;;Idade
2;4.1.5x1;Textual-numerica;Var0272;;;Parentesco/vÍnculo
2;4.1.5x2;Categorica exclusiva;Var0273;;;Sexo _ M _ F
2;4.1.5x3;Numerica;Var0274;;;Idade
2;4.1.6x1;Textual-numerica;Var0275;;;Parentesco/vÍnculo
2;4.1.6x2;Categorica exclusiva;Var0276;;;Sexo _ M _ F
2;4.1.6x3;Numerica;Var0277;;;Idade
2;5.1;Categorica exclusiva;Var0278;;;Quanto _ a renda da sua famÍlia hoje (sem contar os benefÍcios do governo)? _ Menos de 1/2 salˆrio-mÍnimo (menos de R$400,00) _ De 1/2 a 1 salˆrio-mÍnimo (de R$400,00 a R$800,00) ... _ N†o sabe
2;6.1;Categorica exclusiva;Var0279;;;Você jˆ acessou algum programa de cr_dito ou incentivo _ produç†o oferecido pelo governo? _ Sim _ N†o _ N†o se aplica
2;6.2;N‹o h‡ (enunciado de quest‹o);N†o hˆ (enunciado de quest†o);;;Se sim, qual? 
2;6.2.1x1;Categorica variada;Var0280;;;_ Pronaf
2;6.2.1x2;Numerica;Var0281;;;Valor Pronaf
2;6.2.2x1;Categorica variada;Var0282;;;_ Pronaf Mulher
2;6.2.2x2;Numerica;Var0283;;;Valor Pronaf Mulher
2;6.2.3x1;Categorica variada;Var0284;;;_ Cr_dito Amigo
2;6.2.3x2;Numerica;Var0285;;;Valor Cr_dito Amigo
2;6.2.4x1;Categorica variada;Var0286;;;_ PAA
2;6.2.4x2;Numerica;Var0287;;;Valor PAA
2;6.2.5x1;Categorica variada;Var0288;;;_ PNAE
2;6.2.5x2;Numerica;Var0289;;;Valor PNAE
2;6.2.6x1;Categorica variada;Var0290;;;_ PGPMBio
2;6.2.6x2;Numerica;Var0291;;;Valor PGPMBio
2;6.2.7x1;Categorica variada;Var0292;;;_ POPMR
2;6.2.7x2;Numerica;Var0293;;;Valor POPMR
2;6.2.8x1;Categorica variada;Var0294;;;_ Outros. Quais?
2;6.2.8x2;Numerica;Var0295;;;"Valor ""Outros"""
2;6.2.9x1;Textual-numerica;Var0296;;;Outros. Quais? __________
2;6.3;N‹o h‡ (enunciado de quest‹o);N†o hˆ (enunciado de quest†o);;;Se você jˆ acessou algum tipo de cr_dito/financiamento, foi para qual finalidade?
2;6.3.1;Categorica variada;Var0297;;;_ Compra de material de pesca
2;6.3.2;Categorica variada;Var0298;;;_ Compra de embarcaç†o
2;6.3.3;Categorica variada;Var0299;;;_ Beneficiamento de pescado
2;6.3.4;Categorica variada;Var0300;;;_ Produç†o agrÍcola
2;6.3.5;Categorica variada;Var0301;;;_ Criaç†o de animais
2;6.3.6;Categorica variada;Var0302;;;_ Pequenos empreendimentos
2;6.3.7;Categorica variada;Var0303;;;_ Artesanato
2;6.3.8;Categorica variada;Var0304;;;_ Beneficiamento de produtos extrativistas
2;6.3.9;Categorica variada;Var0305;;;_ Outros
2;6.4;N‹o h‡ (enunciado de quest‹o);N†o hˆ (enunciado de quest†o);;;Se você jˆ acessou algum tipo de cr_dito/financiamento, foi para qual instituiç†o?
2;6.4.1;Categorica variada;Var0306;;;_ Banco da Amaz»nia
2;6.4.2;Categorica variada;Var0307;;;_ Banco do Nordeste
2;6.4.3;Categorica variada;Var0308;;;_ Caixa Econ»mica
2;6.4.4;Categorica variada;Var0309;;;_ Banco do Parˆ
2;6.4.5;Categorica variada;Var0310;;;_ Banco do Brasil
2;6.4.6;Categorica variada;Var0311;;;_ Outro
3;1.1;Categorica exclusiva;Var0312;;;Você _ nascido na comunidade? _ Sim _ N†o
3;1.2;Numerica;Var0313;;;Se n†o, você vive aqui hˆ quantos anos?__________
3;1.3;Textual-numerica;Var0314;;;De onde você veio? UF:__________
3;1.3;Textual-numerica;Var0315;;;De onde você veio? Cidade:__________
3;2.1;Categorica exclusiva;Var0316;;;Você tem alguma religi†o? _ Sim _ N†o
3;2.2;Categorica exclusiva;Var0317;;;Se sim, qual? _ Cat„lica _ Protestante _ Evang_lica _ EspÍrita _ Umbanda _ Candombl_ _ Tambor de Mina _ Outra.
3;2.2.1;Textual-numerica;Var0318;;;Outra: __________
3;3.1;N‹o h‡ (enunciado de quest‹o);N†o hˆ (enunciado de quest†o);;;Quais outras religi_es existem aqui na comunidade?
3;3.1.1;Categorica variada;Var0319;;;_ Cat„lica
3;3.1.2;Categorica variada;Var0320;;;_ Protestante
3;3.1.3;Categorica variada;Var0321;;;_ Evang_lica
3;3.1.4;Categorica variada;Var0322;;;_ EspÍrita
3;3.1.5;Categorica variada;Var0323;;;_ Umbanda
3;3.1.6;Categorica variada;Var0324;;;_ Candombl_
3;3.1.7;Categorica variada;Var0325;;;_ Tambor de Mina
3;3.1.8;Categorica variada;Var0326;;;_ Outro.
3;3.1.8.1;Textual-numerica;Var0327;;;Outro. Qual? __________
3;4.1;N‹o h‡ (enunciado de quest‹o);N†o hˆ (enunciado de quest†o);;;Quais festas importantes acontecem hoje em dia na comunidade? 
3;4.1.1;Categorica variada;Var0328;;;_ Festa de S†o Lucas
3;4.1.2;Categorica variada;Var0329;;;_ Festa de S†o Gonçalo
3;4.1.3;Categorica variada;Var0330;;;_ Festa de Santo Ant»nio
3;4.1.4;Categorica variada;Var0331;;;_ Festa de S†o Sebasti†o
3;4.1.5;Categorica variada;Var0332;;;_ Festa do Divino EspÍrito Santo
3;4.1.6;Categorica variada;Var0333;;;_ Dia do pescador
3;4.1.7;Categorica variada;Var0334;;;_ Festa da G„
3;4.1.8;Categorica variada;Var0335;;;_ Festa do CÍrio de Bragança
3;4.1.9;Categorica variada;Var0336;;;_Festa de S†o Jo†o
3;4.1.10;Categorica variada;Var0337;;;_ Festa Junina
3;4.1.11;Categorica variada;Var0338;;;_ Festa de Santana
3;4.1.12;Categorica variada;Var0339;;;_ Festa de S†o Pedro
3;4.1.13;Categorica variada;Var0340;;;_ Festival do Caranguejo
3;4.1.14;Categorica variada;Var0341;;;_ Festival da Dourada
3;4.1.15;Categorica variada;Var0342;;;_ Festival do Camar†o
3;4.1.16;Categorica variada;Var0343;;;_ Festival do AçaÍ
3;4.1.17;Categorica variada;Var0344;;;_ Festival do Carimb„
3;4.1.18;Categorica variada;Var0345;;;_ Festa da Marujada
3;4.1.19;Categorica variada;Var0346;;;_ Festa de S†o Benedito
3;4.1.20;Categorica variada;Var0347;;;_ Festa de Santa Maria
3;4.1.21;Categorica variada;Var0348;;;_ SÍrio de Nazar_
3;4.1.22;Categorica variada;Var0349;;;_ Festa de Nossa Senhora da Conceiç†o
3;4.1.23;Categorica variada;Var0350;;;_ Outras
3;4.1.23.1;Textual-numerica;Var0351;;;Outras. Quais? __________
3;5.1;Categorica exclusiva;Var0352;;;Tem alguma festa ou atividade que se fazia na comunidade e n†o se faz mais? _ Sim _ N†o
3;5.2;Textual-numerica;Var0353;;;Se sim, qual? __________
3;6.1;N‹o h‡ (enunciado de quest‹o);N†o hˆ (enunciado de quest†o);;;Como as pessoas da sua comunidade cuidam da saìde? 
3;6.1.1;Categorica variada;Var0354;;;_ Posto de saìde
3;6.1.2;Categorica variada;Var0355;;;_ Hospital
3;6.1.3;Categorica variada;Var0356;;;_ Unidades fluviais de saìde
3;6.1.4;Categorica variada;Var0357;;;_ Agentes de saìde
3;6.1.5;Categorica variada;Var0358;;;_ Rem_dios caseiros
3;6.1.6;Categorica variada;Var0359;;;_ Rezas e benzeduras
3;6.1.7;Categorica variada;Var0360;;;_ Outros
3;7.1;N‹o h‡ (enunciado de quest‹o);N†o hˆ (enunciado de quest†o);;;Algu_m da sua famÍlia usa os rem_dios naturais ou os tratamentos caseiros listados abaixo?
3;7.1.1;Categorica variada;Var0361;;;_ Plantas medicinais
3;7.1.2;Categorica variada;Var0362;;;_ Chˆs e infus_es
3;7.1.3;Categorica variada;Var0363;;;_ Banhos de ervas
3;7.1.4;Categorica variada;Var0364;;;_ Preparados e garrafadas
3;7.1.5;Categorica variada;Var0365;;;_ Tinturas
3;7.1.6;Categorica variada;Var0366;;;_ Xaropes, raÍzes e outros alimentos
3;7.1.7;Categorica variada;Var0367;;;_ Rezas e benzeduras
3;7.1.8;Categorica variada;Var0368;;;_ Outros
3;8.1;N‹o h‡ (enunciado de quest‹o);N†o hˆ (enunciado de quest†o);;;Quais sao as atividades importantes que seus pais, av„s, bisav„s praticavam, que você acha que devem ser transmitidas _s futuras geraç_es?
3;8.1.1;Categorica variada;Var0369;;;_ Extrativismo/coleta 
3;8.1.2;Categorica variada;Var0370;;;_ Caça
3;8.1.3;Categorica variada;Var0371;;;_ Pesca 
3;8.1.4;Categorica variada;Var0372;;;_ Fabricaç†o de apetrechos de pesca
3;8.1.5;Categorica variada;Var0373;;;_ Agricultura 
3;8.1.6;Categorica variada;Var0374;;;_ Arte, mìsica, cantos (Quadrilha, Bumba Boi, Marabaixo, Carimb„, Caixa do Divino, etc.)
3;8.1.7;Categorica variada;Var0375;;;_ Puxador/a, rezador/a, benzedor/a 
3;8.1.8;Categorica variada;Var0376;;;_ Participar de missas, cultos 
3;8.1.9;Categorica variada;Var0377;;;_ Participar de festas religiosas 
3;8.1.10;Categorica variada;Var0378;;;_ Construir canoa, casas e (outras) 
3;8.1.11;Categorica variada;Var0379;;;_ Utilizar rem_dios caseiros, erveiros/as
3;8.1.12;Categorica variada;Var0380;;;_ Outro.
3;8.1.12.1;Textual-numerica;Var0381;;;Outro. Quais? __________
3;9.1;Categorica exclusiva;Var0382;;;Vocêê acha bom viver aqui? _ Sim _ Nao
4;1.1;Categorica exclusiva;Var0383;;;Hoje vocêê percebe alguma diferença em relaç†o _ quantidade de peixe e caranguejo que tinha aqui antigamente? _ Sim _ N†o
4;2.1;Categorica exclusiva;Var0384;;;Na sua opini†o, os locais onde os moradores da comunidade pescam encontram-se preservados? _ Sim _ N†o
4;3.1;Categorica exclusiva;Var0385;;;Existem pessoas da comunidade que prejudicam o meio ambiente aqui na regi†o? _ Sim _ N†o
4;3.2;N‹o h‡ (enunciado de quest‹o);N†o hˆ (enunciado de quest†o);;;Se sim, de que forma? 
4;3.2.1;Categorica variada;Var0386;;;_ Desmatando a floresta
4;3.2.2;Categorica variada;Var0387;;;_ Usando zangaria para a pesca do camar†o
4;3.2.3;Categorica variada;Var0388;;;_ Usando tapagem nos igarap_s/rios
4;3.2.4;Categorica variada;Var0389;;;_ Jogando lixo no rio
4;3.2.5;Categorica variada;Var0390;;;_ Criando gado/bìfalo
4;3.2.6;Categorica variada;Var0391;;;_ Pescando caranguejo pequeno
4;3.2.7;Categorica variada;Var0392;;;_ Outro.
4;3.2.7.1;Textual-numerica;Var0393;;;Outro. Qual? __________
4;4.1;Categorica exclusiva;Var0394;;;Existem pessoas de fora da comunidade que prejudicam o meio ambiente aqui na regi†o? _ Sim _ Nao
4;4.2;N‹o h‡ (enunciado de quest‹o);N†o hˆ (enunciado de quest†o);;;Se sim, de que forma? 
4;4.2.1;Categorica variada;Var0395;;;_ Desmatando a floresta
4;4.2.2;Categorica variada;Var0396;;;_ Usando zangaria para a pesca do camar†o
4;4.2.3;Categorica variada;Var0397;;;_ Usando tapagem nos igarap_s/rios
4;4.2.4;Categorica variada;Var0398;;;_ Jogando lixo no rio
4;4.2.5;Categorica variada;Var0399;;;_ Criando gado/bìfalo
4;4.2.6;Categorica variada;Var0400;;;_ Pescando caranguejo pequeno
4;4.2.7;Categorica variada;Var0401;;;_ Outro.
4;4.2.7.1;Textual-numerica;Var0402;;;Outro. Qual? __________
4;5.1;N‹o h‡ (enunciado de quest‹o);N†o hˆ (enunciado de quest†o);;;Quais sao os principais problemas ambientais que você percebe aqui na regi†o atualmente? 
4;5.1.1;Categorica variada;Var0403;;;_ Desmatamento das nascentes
4;5.1.2;Categorica variada;Var0404;;;_ Desmatamento dos rios e igarap_s
4;5.1.3;Categorica variada;Var0405;;;_ Desmatamento da floresta
4;5.1.4;Categorica variada;Var0406;;;_ Eros†o
4;5.1.5;Categorica variada;Var0407;;;_ Poluiç†o das ˆguas dos rios ou do mar
4;5.1.6;Categorica variada;Var0408;;;_ Extrativismo
4;5.1.7;Categorica variada;Var0409;;;_ Diminuiç†o dos pescados
4;5.1.8;Categorica variada;Var0410;;;_ Outros
4;5.1.8.1;Textual-numerica;Var0411;;;Outro. Quais? __________
4;6.1;Categorica exclusiva;Var0412;;;Existem conflitos por causa de uso dos recursos naturais? _ Sim _ N†o
4;6.2;Textual-numerica;Var0413;;;Se sim, quais? __________
4;7.1;Categorica exclusiva;Var0414;;;Apenas para moradores de RESEX: a criaç†o da RESEX trouxe benefÍcios para a sua comunidade? _ Sim _ N†o _ N†o se aplica
4;7.2;Textual-numerica;Var0415;;;Se sim, quais? __________
4;8.1;N‹o h‡ (enunciado de quest‹o);N†o hˆ (enunciado de quest†o);;;Apenas para moradores de RESEX: na sua visao, qual _ o papel da RESEX para a sua comunidade? 
4;8.1.1;Categorica variada;Var0416;;;_ Melhorar a estrutura da comunidade
4;8.1.2;Categorica variada;Var0417;;;_ Melhorar os serviços bˆsicos na comunidade (saìde, ..., e energia, etc.)
4;8.1.3;Categorica variada;Var0418;;;_ Facilitar o acesso a programas sociais do governo
4;8.1.4;Categorica variada;Var0419;;;_ Melhorar as condiç_es de vida (de modo geral)
4;8.1.5;Categorica variada;Var0420;;;_ Mediar conflitos entre comunidades
4;8.1.6;Categorica variada;Var0421;;;_ Promover aç_es de fiscalizaç†o ambiental
4;8.1.7;Categorica variada;Var0422;;;_ Promover aç_es de educaç†o ambiental
4;8.1.8;Categorica variada;Var0423;;;_ Promover a sustentabilidade das atividades extrativistas
4;8.1.9;Categorica variada;Var0424;;;_ Outro.
4;8.1.9.1;Textual-numerica;Var0425;;;Outro. Qual? __________
4;8.1.10;Categorica variada;Var0426;;;_ Nao se aplica
4;9.1;Categorica exclusiva;Var0427;;;Você acredita que as futuras geraç_es da comunidade poder†o sobreviver dos recursos naturais? _ Sim _ N†o 
4;10.1;Categorica exclusiva;Var0428;;;Existe algum projeto ou programa de educaç†o ambiental acontecendo na comunidade? _ Sim _ N†o _ N†o Sei
4;10.2;Textual-numerica;Var0429;;;Se sim, qual? __________
4;11.1;Categorica exclusiva;Var0430;;;Vocêê acha importante que aconteçam formaç_es ou capacitaç_es para conscientizar as pessoas da comunidade sobre o meio ambiente? _ Sim _ N†o _ N†o Sei
5;1.1;Numerica;Var0431;;;A partir de que idade você começou a trabalhar com a pesca e/ou cataç†o do camanguejo?
5;2.1;Categorica exclusiva;Var0432;;;Você acha que o valor que você recebe pela venda do caranguejo _ justo? _ Sim _ N†o
5;3.1;Categorica exclusiva;Var0433;;;O dinheiro da pesca representa quanto na renda familiar? _ Nada _ Menos de metade _ Metade ... _ N†o respondeu
5;4.1;Categorica exclusiva;Var0434;;;Dˆ para se sustentar o ano todo somente com a atividade de pesca do caranguejo? _ Sim _ N†o
5;5.1;Categorica exclusiva;Var0435;;;Você _ beneficiˆrio de algum projeto ou programa para o desenvolvimento comunitˆrio? _ Sim _ N†o
5;5.2;N‹o h‡ (enunciado de quest‹o);N†o hˆ (enunciado de quest†o);;;Se sim, qual?
5;5.2.1;Categorica variada;Var0436;;;_ Entre mar_s
5;5.2.2;Categorica variada;Var0437;;;_ Mar_ solidˆria
5;5.2.3;Categorica variada;Var0438;;;_ Conservaç†o Internacional
5;5.2.4;Categorica variada;Var0439;;;_ Unesco
5;5.2.5;Categorica variada;Var0440;;;_ Manguezais do Brasil
5;5.2.6;Categorica variada;Var0441;;;_ Feiras do governo do Estado
5;5.2.7;Categorica variada;Var0442;;;_ Outro.
5;5.2.7.1;Textual-numerica;Var0443;;;Outro. Qual? __________
6;1.1;N‹o h‡ (enunciado de quest‹o);N†o hˆ (enunciado de quest†o);;;Normalmente, como _ feita a pesca do caranguejo?
6;1.1.1;Categorica variada;Var0444;;;_ Individual (sozinho)
6;1.1.2;Categorica variada;Var0445;;;_ Em famÍlia
6;1.1.2.1;Numerica;Var0446;;;Em famÍlia: quantas pessoas?
6;1.1.3;Categorica variada;Var0447;;;_ Em grupo de companheiros(as)
6;1.1.3.1;Numerica;Var0448;;;Em grupo de companheiros(as): quantas pessoas?
6;1.1.4;Categorica variada;Var0449;;;_ Em grupo de companheiros(as) e famÍlia
6;1.1.4.1;Numerica;Var0450;;;Em grupo de companheiros(as) e famÍlia: quantas pessoas?
6;1.1.5;Categorica variada;Var0451;;;_ Outros
6;1.1.5.1;Textual;Var0452;;;Outros: __________
6;1.1.5.2;Numerica;Var0453;;;Outros: quantas pessoas? __________
6;2.1;Textual-numerica;Var0454;;;Quais s†o os locais de pesca (pesqueiros) mais utilizados?
6;3.1;N‹o h‡ (enunciado de quest‹o);N†o hˆ (enunciado de quest†o);;;Como o senhor realiza este tipo de pescaria?
6;3.1.1;Categorica variada;Var0455;;;"_ Vai e volta no mesmo dia (""bate e volta"")"
6;3.1.1.1;Numerica;Var0456;;;"Vai e volta no mesmo dia (""bate e volta""): quantos dias por semana realiza a pesca?"
6;3.1.2;Categorica variada;Var0457;;;_ Pesca de decida ou de baixada (pesca que dura mais de um dia fora de casa)
6;3.1.2.1;Numerica;Var0458;;;Pesca de decida ou de baixada (pesca que dura mais de um dia fora de casa): quantas vezes realiza a pesca por semana?
6;3.1.3;Numerica;Var0459;;;Pesca de decida ou de baixada (pesca que dura mais de um dia fora de casa): Quantas vezes realiza a pesca por mês?
6;4.1;Textual-numerica;Var0460;;;Quanto tempo se gasta para chegar ao local de pesca (pesqueiro) mais distante?
6;4.1.1;Categorica exclusiva;Var0461;;;_ Hora _ Minutos _ N†o sabe _ N†o respondeu
6;4.2;Textual-numerica;Var0462;;;Quanto tempo se gasta para chegar ao local de pesca (pesqueiro) mais perto?
6;4.2.1;Categorica exclusiva;Var0463;;;_ Hora _ Minutos _ N†o sabe _ N†o respondeu
6;5.1;N‹o h‡ (enunciado de quest‹o);N†o hˆ (enunciado de quest†o);;;Em qual estaç†o do ano realiza a pesca (camar†o piticaia)?
6;5.1.1;Categorica variada;Var0464;;;_ Ver†o
6;5.1.2;Categorica variada;Var0465;;;_ Inverno
6;6.1;N‹o h‡ (enunciado de quest‹o);N†o hˆ (enunciado de quest†o);;;Em qual mar_ realiza a pesca?
6;6.1.1;Categorica variada;Var0466;;;_ Mar_ morta, mortinha ou de quarta
6;6.1.2;Categorica variada;Var0467;;;_ Mar_ de lanço ou lançante
6;7.1;N‹o h‡ (enunciado de quest‹o);N†o hˆ (enunciado de quest†o);;;Qual _ a quantidade m_dia capturada/dia nas mar_s alta e baixa, nos perÍodos de inverno e ver†o, por arte de pesca? Quanto tempo _ gasto? Quantos dias s†o trabalhados (o dia de pesca se refere tanto ao perÍodo diurno quanto noturno)
6;;Descriç‹o;Descriç†o;;;Inverno_Mar_ de mortinha/de quarta/morta
6;7.1.1x1;Categorica variada;Var0468;;;_ Braço
6;7.1.1x2;Textual-numerica;Var0469;;;Quantidade de caranguejos
6;7.1.1x3;Textual-numerica;Var0470;;;N_ de tocas acessadas
6;7.1.1x4;Textual-numerica;Var0471;;;Tocas pescadas
6;7.1.1x5;Textual-numerica;Var0472;;;Tempo gasto (horas/dia)
6;7.1.2x1;Categorica variada;Var0473;;;_ Braço com auxÍlio de gancho
6;7.1.2x2;Textual-numerica;Var0474;;;Quantidade de caranguejos
6;7.1.2x3;Textual-numerica;Var0475;;;N_ de tocas acessadas
6;7.1.2x4;Textual-numerica;Var0476;;;Tocas pescadas
6;7.1.2x5;Textual-numerica;Var0477;;;Tempo gasto (horas/dia)
6;7.1.3x1;Categorica variada;Var0478;;;_ Gancho
6;7.1.3x2;Textual-numerica;Var0479;;;Quantidade de caranguejos
6;7.1.3x3;Textual-numerica;Var0480;;;N_ de tocas acessadas
6;7.1.3x4;Textual-numerica;Var0481;;;Tocas pescadas
6;7.1.3x5;Textual-numerica;Var0482;;;Tempo gasto (horas/dia)
6;7.1.4x1;Categorica variada;Var0483;;;_ Laço
6;7.1.4x2;Textual-numerica;Var0484;;;Quantidade de caranguejos
6;7.1.4x3;Textual-numerica;Var0485;;;N_ de tocas acessadas
6;7.1.4x4;Textual-numerica;Var0486;;;Tocas pescadas
6;7.1.4x5;Textual-numerica;Var0487;;;Tempo gasto (horas/dia)
6;7.1.5x1;Categorica variada;Var0488;;;_ Tapagem
6;7.1.5x2;Textual-numerica;Var0489;;;Quantidade de caranguejos
6;7.1.5x3;Textual-numerica;Var0490;;;N_ de tocas acessadas
6;7.1.5x4;Textual-numerica;Var0491;;;Tocas pescadas
6;7.1.5x5;Textual-numerica;Var0492;;;Tempo gasto (horas/dia)
6;7.1.6x1;Categorica variada;Var0493;;;_ Redinha
6;7.1.6x2;Textual-numerica;Var0494;;;Quantidade de caranguejos
6;7.1.6x3;Textual-numerica;Var0495;;;N_ de tocas acessadas
6;7.1.6x4;Textual-numerica;Var0496;;;Tocas pescadas
6;7.1.6x5;Textual-numerica;Var0497;;;Tempo gasto (horas/dia)
6;7.1.7x1;Categorica variada;Var0498;;;_ Ratoeira
6;7.1.7x2;Textual-numerica;Var0499;;;Quantidade de caranguejos
6;7.1.7x3;Textual-numerica;Var0500;;;N_ de tocas acessadas
6;7.1.7x4;Textual-numerica;Var0501;;;Tocas pescadas
6;7.1.7x5;Textual-numerica;Var0502;;;Tempo gasto (horas/dia)
6;7.1.8x1;Categorica variada;Var0503;;;_ Outros
6;7.1.8x2;Textual-numerica;Var0504;;;Quantidade de caranguejos
6;7.1.8x3;Textual-numerica;Var0505;;;N_ de tocas acessadas
6;7.1.8x4;Textual-numerica;Var0506;;;Tocas pescadas
6;7.1.8x5;Textual-numerica;Var0507;;;Tempo gasto (horas/dia)
;;Descriç‹o;Descriç†o;;;Inverno_Mar_ lançante/lanço
6;7.1.9x1;Categorica variada;Var0508;;;_ Braço
6;7.1.9x2;Textual-numerica;Var0509;;;Quantidade de caranguejos
6;7.1.9x3;Textual-numerica;Var0510;;;N_ de tocas acessadas
6;7.1.9x4;Textual-numerica;Var0511;;;Tocas pescadas
6;7.1.9x5;Textual-numerica;Var0512;;;Tempo gasto (horas/dia)
6;7.1.10x1;Categorica variada;Var0513;;;_ Braço com auxÍlio de gancho
6;7.1.10x2;Textual-numerica;Var0514;;;Quantidade de caranguejos
6;7.1.10x3;Textual-numerica;Var0515;;;N_ de tocas acessadas
6;7.1.10x4;Textual-numerica;Var0516;;;Tocas pescadas
6;7.1.10x5;Textual-numerica;Var0517;;;Tempo gasto (horas/dia)
6;7.1.11x1;Categorica variada;Var0518;;;_ Gancho
6;7.1.11x2;Textual-numerica;Var0519;;;Quantidade de caranguejos
6;7.1.11x3;Textual-numerica;Var0520;;;N_ de tocas acessadas
6;7.1.11x4;Textual-numerica;Var0521;;;Tocas pescadas
6;7.1.11x5;Textual-numerica;Var0522;;;Tempo gasto (horas/dia)
6;7.1.12x1;Categorica variada;Var0523;;;_ Laço
6;7.1.12x2;Textual-numerica;Var0524;;;Quantidade de caranguejos
6;7.1.12x3;Textual-numerica;Var0525;;;N_ de tocas acessadas
6;7.1.12x4;Textual-numerica;Var0526;;;Tocas pescadas
6;7.1.12x5;Textual-numerica;Var0527;;;Tempo gasto (horas/dia)
6;7.1.13x1;Categorica variada;Var0528;;;_ Tapagem
6;7.1.13x2;Textual-numerica;Var0529;;;Quantidade de caranguejos
6;7.1.13x3;Textual-numerica;Var0530;;;N_ de tocas acessadas
6;7.1.13x4;Textual-numerica;Var0531;;;Tocas pescadas
6;7.1.13x5;Textual-numerica;Var0532;;;Tempo gasto (horas/dia)
6;7.1.14x1;Categorica variada;Var0533;;;_ Redinha
6;7.1.14x2;Textual-numerica;Var0534;;;Quantidade de caranguejos
6;7.1.14x3;Textual-numerica;Var0535;;;N_ de tocas acessadas
6;7.1.14x4;Textual-numerica;Var0536;;;Tocas pescadas
6;7.1.14x5;Textual-numerica;Var0537;;;Tempo gasto (horas/dia)
6;7.1.15x1;Categorica variada;Var0538;;;_ Ratoeira
6;7.1.15x2;Textual-numerica;Var0539;;;Quantidade de caranguejos
6;7.1.15x3;Textual-numerica;Var0540;;;N_ de tocas acessadas
6;7.1.15x4;Textual-numerica;Var0541;;;Tocas pescadas
6;7.1.15x5;Textual-numerica;Var0542;;;Tempo gasto (horas/dia)
6;7.1.16x1;Categorica variada;Var0543;;;_ Outros
6;7.1.16x2;Textual-numerica;Var0544;;;Quantidade de caranguejos
6;7.1.16x3;Textual-numerica;Var0545;;;N_ de tocas acessadas
6;7.1.16x4;Textual-numerica;Var0546;;;Tocas pescadas
6;7.1.16x5;Textual-numerica;Var0547;;;Tempo gasto (horas/dia)
;;Descriç‹o;Descriç†o;;;Ver†o_Mar_ de mortinha/de quarta/morta
6;7.1.1x1;Categorica variada;Var0548;;;_ Braço
6;7.1.1x2;Textual-numerica;Var0549;;;Quantidade de caranguejos
6;7.1.1x3;Textual-numerica;Var0550;;;N_ de tocas acessadas
6;7.1.1x4;Textual-numerica;Var0551;;;Tocas pescadas
6;7.1.1x5;Textual-numerica;Var0552;;;Tempo gasto (horas/dia)
6;7.1.2x1;Categorica variada;Var0553;;;_ Braço com auxÍlio de gancho
6;7.1.2x2;Textual-numerica;Var0554;;;Quantidade de caranguejos
6;7.1.2x3;Textual-numerica;Var0555;;;N_ de tocas acessadas
6;7.1.2x4;Textual-numerica;Var0556;;;Tocas pescadas
6;7.1.2x5;Textual-numerica;Var0557;;;Tempo gasto (horas/dia)
6;7.1.3x1;Categorica variada;Var0558;;;_ Gancho
6;7.1.3x2;Textual-numerica;Var0559;;;Quantidade de caranguejos
6;7.1.3x3;Textual-numerica;Var0560;;;N_ de tocas acessadas
6;7.1.3x4;Textual-numerica;Var0561;;;Tocas pescadas
6;7.1.3x5;Textual-numerica;Var0562;;;Tempo gasto (horas/dia)
6;7.1.4x1;Categorica variada;Var0563;;;_ Laço
6;7.1.4x2;Textual-numerica;Var0564;;;Quantidade de caranguejos
6;7.1.4x3;Textual-numerica;Var0565;;;N_ de tocas acessadas
6;7.1.4x4;Textual-numerica;Var0566;;;Tocas pescadas
6;7.1.4x5;Textual-numerica;Var0567;;;Tempo gasto (horas/dia)
6;7.1.5x1;Categorica variada;Var0568;;;_ Tapagem
6;7.1.5x2;Textual-numerica;Var0569;;;Quantidade de caranguejos
6;7.1.5x3;Textual-numerica;Var0570;;;N_ de tocas acessadas
6;7.1.5x4;Textual-numerica;Var0571;;;Tocas pescadas
6;7.1.5x5;Textual-numerica;Var0572;;;Tempo gasto (horas/dia)
6;7.1.6x1;Categorica variada;Var0573;;;_ Redinha
6;7.1.6x2;Textual-numerica;Var0574;;;Quantidade de caranguejos
6;7.1.6x3;Textual-numerica;Var0575;;;N_ de tocas acessadas
6;7.1.6x4;Textual-numerica;Var0576;;;Tocas pescadas
6;7.1.6x5;Textual-numerica;Var0577;;;Tempo gasto (horas/dia)
6;7.1.7x1;Categorica variada;Var0578;;;_ Ratoeira
6;7.1.7x2;Textual-numerica;Var0579;;;Quantidade de caranguejos
6;7.1.7x3;Textual-numerica;Var0580;;;N_ de tocas acessadas
6;7.1.7x4;Textual-numerica;Var0581;;;Tocas pescadas
6;7.1.7x5;Textual-numerica;Var0582;;;Tempo gasto (horas/dia)
6;7.1.8x1;Categorica variada;Var0583;;;_ Outros
6;7.1.8x2;Textual-numerica;Var0584;;;Quantidade de caranguejos
6;7.1.8x3;Textual-numerica;Var0585;;;N_ de tocas acessadas
6;7.1.8x4;Textual-numerica;Var0586;;;Tocas pescadas
6;7.1.8x5;Textual-numerica;Var0587;;;Tempo gasto (horas/dia)
;;Descriç‹o;Descriç†o;;;Ver†o_Mar_ lançante/lanço
6;7.1.9x1;Categorica variada;Var0588;;;_ Braço
6;7.1.9x2;Textual-numerica;Var0589;;;Quantidade de caranguejos
6;7.1.9x3;Textual-numerica;Var0590;;;N_ de tocas acessadas
6;7.1.9x4;Textual-numerica;Var0591;;;Tocas pescadas
6;7.1.9x5;Textual-numerica;Var0592;;;Tempo gasto (horas/dia)
6;7.1.10x1;Categorica variada;Var0593;;;_ Braço com auxÍlio de gancho
6;7.1.10x2;Textual-numerica;Var0594;;;Quantidade de caranguejos
6;7.1.10x3;Textual-numerica;Var0595;;;N_ de tocas acessadas
6;7.1.10x4;Textual-numerica;Var0596;;;Tocas pescadas
6;7.1.10x5;Textual-numerica;Var0597;;;Tempo gasto (horas/dia)
6;7.1.11x1;Categorica variada;Var0598;;;_ Gancho
6;7.1.11x2;Textual-numerica;Var0599;;;Quantidade de caranguejos
6;7.1.11x3;Textual-numerica;Var0600;;;N_ de tocas acessadas
6;7.1.11x4;Textual-numerica;Var0601;;;Tocas pescadas
6;7.1.11x5;Textual-numerica;Var0602;;;Tempo gasto (horas/dia)
6;7.1.12x1;Categorica variada;Var0603;;;_ Laço
6;7.1.12x2;Textual-numerica;Var0604;;;Quantidade de caranguejos
6;7.1.12x3;Textual-numerica;Var0605;;;N_ de tocas acessadas
6;7.1.12x4;Textual-numerica;Var0606;;;Tocas pescadas
6;7.1.12x5;Textual-numerica;Var0607;;;Tempo gasto (horas/dia)
6;7.1.13x1;Categorica variada;Var0608;;;_ Tapagem
6;7.1.13x2;Textual-numerica;Var0609;;;Quantidade de caranguejos
6;7.1.13x3;Textual-numerica;Var0610;;;N_ de tocas acessadas
6;7.1.13x4;Textual-numerica;Var0611;;;Tocas pescadas
6;7.1.13x5;Textual-numerica;Var0612;;;Tempo gasto (horas/dia)
6;7.1.14x1;Categorica variada;Var0613;;;_ Redinha
6;7.1.14x2;Textual-numerica;Var0614;;;Quantidade de caranguejos
6;7.1.14x3;Textual-numerica;Var0615;;;N_ de tocas acessadas
6;7.1.14x4;Textual-numerica;Var0616;;;Tocas pescadas
6;7.1.14x5;Textual-numerica;Var0617;;;Tempo gasto (horas/dia)
6;7.1.15x1;Categorica variada;Var0618;;;_ Ratoeira
6;7.1.15x2;Textual-numerica;Var0619;;;Quantidade de caranguejos
6;7.1.15x3;Textual-numerica;Var0620;;;N_ de tocas acessadas
6;7.1.15x4;Textual-numerica;Var0621;;;Tocas pescadas
6;7.1.15x5;Textual-numerica;Var0622;;;Tempo gasto (horas/dia)
6;7.1.16x1;Categorica variada;Var0623;;;_ Outros
6;7.1.16x2;Textual-numerica;Var0624;;;Quantidade de caranguejos
6;7.1.16x3;Textual-numerica;Var0625;;;N_ de tocas acessadas
6;7.1.16x4;Textual-numerica;Var0626;;;Tocas pescadas
6;7.1.16x5;Textual-numerica;Var0627;;;Tempo gasto (horas/dia)
6;8.1;Categorica exclusiva;Var0628;;;Hˆ perda na captura do caranguejo? _ N†o _ Sim
6;8.2;Textual-numerica;Var0629;;;Em quais situaç_es?
6;8.3;Textual-numerica;Var0630;;;Quanto, em m_dia (kg)?
6;8.4;Categorica Exclusiva;Var0631;;;Hˆ reaproveitamento? _ N†o _ Sim
6;8.4.1;Textual-numerica;Var0632;;;Se sim, de que forma? __________
7;1.1;N‹o h‡ (enunciado de quest‹o);N†o hˆ (enunciado de quest†o);;;Como _ vendido o caranguejo?
7;1.1.1;categorica variada;Var0633;;;_ Vivo em cambada ou saca
7;1.1.2;categorica variada;Var0634;;;_ Graìdo
7;1.1.3;categorica variada;Var0635;;;_ M_dio
7;1.1.4;categorica variada;Var0636;;;_ Pequeno
7;1.1.5;categorica variada;Var0637;;;_ Misturado
7;1.1.6;categorica variada;Var0638;;;_ Esquartejado
7;1.1.7;categorica variada;Var0639;;;_ Cozido (massa)
7;1.1.8;categorica exclusiva;Var0640;;;_ Pata
7;2.1;N‹o h‡ (enunciado de quest‹o);N†o hˆ (enunciado de quest†o);;;Qual a quantidade m_dia vendida por tipo de produto, no inverno e no ver†o? Qual o preço de venda?
;2.1.1x1;Descriç‹o;Descriç†o;;;Graìdo vivo
7;2.1.1x2;Categorica exclusiva;Var0641;;;PerÍodo: _ Por dia _ Por semana
7;2.1.1x3;Numerica;Var0642;;;Quantidade m_dia (kg/dia): Ver†o __________
7;2.1.1x4;Numerica;Var0643;;;Quantidade m_dia (kg/dia): Inverno __________
7;2.1.1x5;Numerica;Var0644;;;Preço de venda: Ver†o __________
7;2.1.1x6;Numerica;Var0645;;;Preço de venda: Inverno __________
;2.1.2x1;Descriç‹o;Descriç†o;;;M_dio vivo
7;2.1.2x2;Categorica exclusiva;Var0646;;;PerÍodo: _ Por dia _ Por semana
7;2.1.2x3;Numerica;Var0647;;;Quantidade m_dia (kg/dia): Ver†o __________
7;2.1.2x4;Numerica;Var0648;;;Quantidade m_dia (kg/dia): Inverno __________
7;2.1.2x5;Numerica;Var0649;;;Preço de venda: Ver†o __________
7;2.1.2x6;Numerica;Var0650;;;Preço de venda: Inverno __________
;2.1.3x1;Descriç‹o;Descriç†o;;;Pequeno vivo
7;2.1.3x2;Categorica exclusiva;Var0651;;;PerÍodo: _ Por dia _ Por semana
7;2.1.3x3;Numerica;Var0652;;;Quantidade m_dia (kg/dia): Ver†o __________
7;2.1.3x4;Numerica;Var0653;;;Quantidade m_dia (kg/dia): Inverno __________
7;2.1.3x5;Numerica;Var0654;;;Preço de venda: Ver†o __________
7;2.1.3x6;Numerica;Var0655;;;Preço de venda: Inverno __________
;2.1.4x1;Descriç‹o;Descriç†o;;;Esquartejado (pequeno/m_dio/grande)
7;2.1.4x2;Categorica exclusiva;Var0656;;;PerÍodo: _ Por dia _ Por semana
7;2.1.4x3;Numerica;Var0657;;;Quantidade m_dia (kg/dia): Ver†o __________
7;2.1.4x4;Numerica;Var0658;;;Quantidade m_dia (kg/dia): Inverno __________
7;2.1.4x5;Numerica;Var0659;;;Preço de venda: Ver†o __________
7;2.1.4x6;Numerica;Var0660;;;Preço de venda: Inverno __________
;2.1.5x1;Descriç‹o;Descriç†o;;;Massa do caranguejo
7;2.1.5x2;Categorica exclusiva;Var0661;;;PerÍodo: _ Por dia _ Por semana
7;2.1.5x3;Numerica;Var0662;;;Quantidade m_dia (kg/dia): Ver†o __________
7;2.1.5x4;Numerica;Var0663;;;Quantidade m_dia (kg/dia): Inverno __________
7;2.1.5x5;Numerica;Var0664;;;Preço de venda: Ver†o __________
7;2.1.5x6;Numerica;Var0665;;;Preço de venda: Inverno __________
;2.1.6x1;Descriç‹o;Descriç†o;;;Patas do caranguejo
7;2.1.6x2;Categorica exclusiva;Var0666;;;PerÍodo: _ Por dia _ Por semana
7;2.1.6x3;Numerica;Var0667;;;Quantidade m_dia (kg/dia): Ver†o __________
7;2.1.6x4;Numerica;Var0668;;;Quantidade m_dia (kg/dia): Inverno __________
7;2.1.6x5;Numerica;Var0669;;;Preço de venda: Ver†o __________
7;2.1.6x6;Numerica;Var0670;;;Preço de venda: Inverno __________
;2.1.7x1;Descriç‹o;Descriç†o;;;Outros
7;2.1.7x2;Categorica exclusiva;Var0671;;;PerÍodo: _ Por dia _ Por semana
7;2.1.7x3;Numerica;Var0672;;;Quantidade m_dia (kg/dia): Ver†o __________
7;2.1.7x4;Numerica;Var0673;;;Quantidade m_dia (kg/dia): Inverno __________
7;2.1.7x5;Numerica;Var0674;;;Preço de venda: Ver†o __________
7;2.1.7x6;Numerica;Var0675;;;Preço de venda: Inverno __________
7;3.1;Numerica;Var0676;;;"Qual a proporç†o da ""quebra"" (beneficiamento? Quantos quilos de caranguejo _ preciso para produzir 1 kg de massa de caranguejo?"
7;4.1;Categorica exclusiva;Var0677;;;O senhor armazena a massa do caranguejo? _ N†o (pule para 6) _ Sim
7;5.1;Categorica exclusiva;Var0678;;;"Como o senhor armazena a massa do caranguejo? _ Geladeira _ Freezer _ C_mara fria _ Outros _ N†o se aplica (quest†o anterior foi marcada ""n†o"")"
7;5.1.1;Textual-numerica;Var0679;;;Outros: __________
7;6.1;Numerica;Var0680;;;Por quanto tempo, em m_dia, o caranguejo fica armazenado? __________ dias
7;6.1;Numerica;Var0681;;;Por quanto tempo, em m_dia, o caranguejo fica armazenado? __________ semanas
7;6.1;Numerica;Var0682;;;Por quanto tempo, em m_dia, o caranguejo fica armazenado? __________ meses
7;7.1;N‹o h‡ (enunciado de quest‹o);N†o hˆ (enunciado de quest†o);;;Como ocorre a venda?
7;7.1.1;Categorica variada;Var0683;;;_ Vendido sob encomenda
7;7.1.2;Categorica variada;Var0684;;;_ Em ponto de venda pr„prio
7;7.1.3;Categorica variada;Var0685;;;_ Oferece antes da pesca a compradores/consumidores
7;7.1.4;Categorica variada;Var0686;;;_ Oferece ap„s a pesca a compradores/consumidores
7;8.1;N‹o h‡ (enunciado de quest‹o);N†o hˆ (enunciado de quest†o);;;Para quem se vende o caranguejo? Na comunidade:
7;8.1.1;Categorica variada;Var0687;;;_ Outro pescador
7;8.1.2;Categorica variada;Var0688;;;_ Catadeira
7;8.1.3;Categorica variada;Var0689;;;_ FamÍlias
7;8.1.4;Categorica variada;Var0690;;;_ Restaurantes
7;8.1.5;Categorica variada;Var0691;;;_ Pousadas
7;8.1.6;Categorica variada;Var0692;;;_ Peixarias
7;8.1.7;Categorica variada;Var0693;;;_ Feirantes
7;8.1.8;Categorica variada;Var0694;;;_ Pequenos com_rcios
7;8.1.9;Categorica variada;Var0695;;;_ Compradores locais/beneficiadores
7;8.1.10;Categorica variada;Var0696;;;_ Cooperativa
7;8.1.11;Categorica variada;Var0697;;;_ Fˆbrica de beneficiamento
7;8.1.12;Categorica variada;Var0698;;;_ CONAB
7;8.1.13;Categorica variada;Var0699;;;_ Outros
7;8.1.13.1;Textual-numerica;Var0700;;;Outros: __________
7;8.1;N‹o h‡ (enunciado de quest‹o);N†o hˆ (enunciado de quest†o);;;Para quem se vende o caranguejo? Fora da comunidade?
7;8.1.1;Categorica variada;Var0701;;;_ FamÍlias
7;8.1.2;Categorica variada;Var0702;;;_ Restaurantes
7;8.1.3;Categorica variada;Var0703;;;_ Pousadas
7;8.1.4;Categorica variada;Var0704;;;_ Peixarias
7;8.1.5;Categorica variada;Var0705;;;_ Feirantes
7;8.1.6;Categorica variada;Var0706;;;_ Pequenos com_rcios
7;8.1.7;Categorica variada;Var0707;;;_ Compradores externos
7;8.1.8;Categorica variada;Var0708;;;_ Cooperativa
7;8.1.9;Categorica variada;Var0709;;;_ FrigorÍfico (empresa)
7;8.1.10;Categorica variada;Var0710;;;_ CONAB
7;8.1.11;Categorica variada;Var0711;;;_ Outros
7;8.1.11.1;Textual-numerica ;Var0712;;;Outros: __________
7;9.1;Categorica exclusiva;Var0713;;;Desses compradores/consumidores quais sao os trêês principais? 1_
7;9.1;Categorica exclusiva;Var0714;;;Desses compradores/consumidores quais sao os trêês principais? 2_
7;9.1;Categorica exclusiva;Var0715;;;Desses compradores/consumidores quais sao os trêês principais? 3_
7;10.1;N‹o h‡ (enunciado de quest‹o);N†o hˆ (enunciado de quest†o);;;Qual _ o preço da unidade de caranguejo (vivo e beneficiado) por tipo de comprador ao longo do ano nas mar_s alta e baixa?
7;10.1.1x1;Descriç‹o;Descriç†o;;;Pequeno vivo
7;10.1.1x2;Numerica;Var0716;;;Preço (R$/unidade) do 1_ - inverno
7;10.1.1x3;Numerica;Var0717;;;Preço (R$/unidade) do 1_ - ver†o
7;10.1.1x4;Numerica;Var0718;;;Preço (R$/unidade) do 2_ - inverno
7;10.1.1x5;Numerica;Var0719;;;Preço (R$/unidade) do 2_ - ver†o
7;10.1.1x6;Numerica;Var0720;;;Preço (R$/unidade) do 3_ - inverno
7;10.1.1x7;Numerica;Var0721;;;Preço (R$/unidade) do 3_ - ver†o
7;10.1.2x1;Descriç‹o;Descriç†o;;;M_dio vivo
7;10.1.2x2;Numerica;Var0722;;;Preço (R$/unidade) do 1_ - inverno
7;10.1.2x3;Numerica;Var0723;;;Preço (R$/unidade) do 1_ - ver†o
7;10.1.2x4;Numerica;Var0724;;;Preço (R$/unidade) do 2_ - inverno
7;10.1.2x5;Numerica;Var0725;;;Preço (R$/unidade) do 2_ - ver†o
7;10.1.2x6;Numerica;Var0726;;;Preço (R$/unidade) do 3_ - inverno
7;10.1.2x7;Numerica;Var0727;;;Preço (R$/unidade) do 3_ - ver†o
7;10.1.3x1;Descriç‹o;Descriç†o;;;Graìdo vivo
7;10.1.3x2;Numerica;Var0728;;;Preço (R$/unidade) do 1_ - inverno
7;10.1.3x3;Numerica;Var0729;;;Preço (R$/unidade) do 1_ - ver†o
7;10.1.3x4;Numerica;Var0730;;;Preço (R$/unidade) do 2_ - inverno
7;10.1.3x5;Numerica;Var0731;;;Preço (R$/unidade) do 2_ - ver†o
7;10.1.3x6;Numerica;Var0732;;;Preço (R$/unidade) do 3_ - inverno
7;10.1.3x7;Numerica;Var0733;;;Preço (R$/unidade) do 3_ - ver†o
7;10.1.4x1;Descriç‹o;Descriç†o;;;Esquartejado fresco
7;10.1.4x2;Numerica;Var0734;;;Preço (R$/unidade) do 1_ - inverno
7;10.1.4x3;Numerica;Var0735;;;Preço (R$/unidade) do 1_ - ver†o
7;10.1.4x4;Numerica;Var0736;;;Preço (R$/unidade) do 2_ - inverno
7;10.1.4x5;Numerica;Var0737;;;Preço (R$/unidade) do 2_ - ver†o
7;10.1.4x6;Numerica;Var0738;;;Preço (R$/unidade) do 3_ - inverno
7;10.1.4x7;Numerica;Var0739;;;Preço (R$/unidade) do 3_ - ver†o
7;10.1.5x1;Descriç‹o;Descriç†o;;;Inteiro cozido
7;10.1.5x2;Numerica;Var0740;;;Preço (R$/unidade) do 1_ - inverno
7;10.1.5x3;Numerica;Var0741;;;Preço (R$/unidade) do 1_ - ver†o
7;10.1.5x4;Numerica;Var0742;;;Preço (R$/unidade) do 2_ - inverno
7;10.1.5x5;Numerica;Var0743;;;Preço (R$/unidade) do 2_ - ver†o
7;10.1.5x6;Numerica;Var0744;;;Preço (R$/unidade) do 3_ - inverno
7;10.1.5x7;Numerica;Var0745;;;Preço (R$/unidade) do 3_ - ver†o
7;10.1.6x1;Descriç‹o;Descriç†o;;;Massa do caranguejo cozido
7;10.1.6x2;Numerica;Var0746;;;Preço (R$/unidade) do 1_ - inverno
7;10.1.6x3;Numerica;Var0747;;;Preço (R$/unidade) do 1_ - ver†o
7;10.1.6x4;Numerica;Var0748;;;Preço (R$/unidade) do 2_ - inverno
7;10.1.6x5;Numerica;Var0749;;;Preço (R$/unidade) do 2_ - ver†o
7;10.1.6x6;Numerica;Var0750;;;Preço (R$/unidade) do 3_ - inverno
7;10.1.6x7;Numerica;Var0751;;;Preço (R$/unidade) do 3_ - ver†o
7;10.1.7x1;Descriç‹o;Descriç†o;;;Patas do caranguejo cozido
7;10.1.7x2;Numerica;Var0752;;;Preço (R$/unidade) do 1_ - inverno
7;10.1.7x3;Numerica;Var0753;;;Preço (R$/unidade) do 1_ - ver†o
7;10.1.7x4;Numerica;Var0754;;;Preço (R$/unidade) do 2_ - inverno
7;10.1.7x5;Numerica;Var0755;;;Preço (R$/unidade) do 2_ - ver†o
7;10.1.7x6;Numerica;Var0756;;;Preço (R$/unidade) do 3_ - inverno
7;10.1.7x7;Numerica;Var0757;;;Preço (R$/unidade) do 3_ - ver†o
7;10.1.8x1;Descriç‹o;Descriç†o;;;Outros
7;10.1.8x2;Numerica;Var0758;;;Preço (R$/unidade) do 1_ - inverno
7;10.1.8x3;Numerica;Var0759;;;Preço (R$/unidade) do 1_ - ver†o
7;10.1.8x4;Numerica;Var0760;;;Preço (R$/unidade) do 2_ - inverno
7;10.1.8x5;Numerica;Var0761;;;Preço (R$/unidade) do 2_ - ver†o
7;10.1.8x6;Numerica;Var0762;;;Preço (R$/unidade) do 3_ - inverno
7;10.1.8x7;Numerica;Var0763;;;Preço (R$/unidade) do 3_ - ver†o
7;11.1;Categorica exclusiva;Var0764;;;Qual _ a forma de pagamento dos principais compradores/consumidores? 1_ comprador/consumidor: _ è vista (no ato da entrega) _ Parcelado (antes e depois da entrega) _ A prazo (ap„s entrega) _ Em produtos
7;11.1;Categorica exclusiva;Var0765;;;Qual _ a forma de pagamento dos principais compradores/consumidores? 2_ comprador/consumidor: _ è vista (no ato da entrega) _ Parcelado (antes e depois da entrega) _ A prazo (ap„s entrega) _ Em produtos
7;11.1;Categorica exclusiva;Var0766;;;Qual _ a forma de pagamento dos principais compradores/consumidores? 3_ comprador/consumidor: _ è vista (no ato da entrega) _ Parcelado (antes e depois da entrega) _ A prazo (ap„s entrega) _ Em produtos _ Outro
7;11.1.1;Textual-numerica;Var0767;;;Outro: __________
7;12.1;Categorica exclusiva;Var0768;;;O senhor recebe quando? _ Toda vez que entrega a produç†o _ Recebe por semana/por mar_ _ Outro
7;12.1.1;Textual-numerica;Var0769;;;Outro: __________
7;13.1;Categorica exclusiva;Var0770;;;O senhor compra de outro caranguejero para fazer volume na comercializaç†o? _ N†o _ Sim.
7;13.1.1;Textual-numerica;Var0771;;;Sim. Quanto? __________
7;13.1.2;Numerica;Var0772;;;Preço (R$): __________
8;1.1;N‹o h‡ (enunciado de quest‹o);N†o hˆ (enunciado de quest†o);;;Quais s†o os bens utilizados na pesca e, se realizado, no beneficiamento?
8;1.1.1;Categorica variada;Var0773;;;_ Embarcaç†o
8;1.1.1.1;Textual-numerica;Var0774;;;Quantas possui?
8;1.1.2;Categorica variada;Var0775;;;_ Motor de popa
8;1.1.2.1;Textual-numerica;Var0776;;;Quantos possui?
8;1.1.3;Categorica variada;Var0777;;;_ Sacas
8;1.1.3.1;Textual-numerica;Var0778;;;Quantos possui?
8;1.1.4;Categorica variada;Var0779;;;_ Linhas
8;1.1.4.1;Textual-numerica;Var0780;;;Quantos possui?
8;1.1.5;Categorica variada;Var0781;;;_ Cubas ou basquetas
8;1.1.5.1;Textual-numerica;Var0782;;;Quantos possui?
8;1.1.6;Categorica variada;Var0783;;;_ Fog†o
8;1.1.6.1;Textual-numerica;Var0784;;;Quantos possui?
8;1.1.7;Categorica variada;Var0785;;;_ Freezer
8;1.1.7.1;Textual-numerica;Var0786;;;Quantos possui?
8;1.1.8;Categorica variada;Var0787;;;_ Geladeira
8;1.1.8.1;Textual-numerica;Var0788;;;Quantas possui?
8;1.1.9;Categorica variada;Var0789;;;_ Outros
8;1.1.9.1;Textual-numerica;Var0790;;;Quais?
8;1.1.9.2;Textual-numerica;Var0791;;;Quantos possui?
8;2.1;Categorica exclusiva;Var0792;;;Este tipo de pesca o senhor realiza: _ Com embarcaç†o _ Sem embarcaç†o
8;2.2;Categorica exclusiva;Var0793;;;Utiliza outros meios de transporte? _ N†o _ Sim
8;2.2.1;Textual-numerica;Var0794;;;Se sim, quais? __________
8;2.3;N‹o h‡ (enunciado de quest‹o);N†o hˆ (enunciado de quest†o);;;Qual tipo de embarcaç†o utiliza?
8;2.3.1;Categorica variada;Var0795;;;_ Canoa a vela
8;2.3.2;Categorica variada;Var0796;;;_ Canoa a remo
8;2.3.3;Categorica variada;Var0797;;;_ Canoa a motor
8;2.3.4;Categorica variada;Var0798;;;_ Biana a vela
8;2.3.5;Categorica variada;Var0799;;;_ Biana a motor
8;2.3.6;Categorica variada;Var0800;;;_ Barco a vela
8;2.3.7;Categorica variada;Var0801;;;_ Barco a motor
8;2.3.8;Categorica variada;Var0802;;;_ Outros
8;2.3.8.1;Textual-numerica;Var0803;;;Outros: __________
8;2.4;Textual-numerica;Var0804;;;Quantas pessoas (tripulantes) cabem na embarcaç†o? __________
8;2.5;Categorica exclusiva;Var0805;;;O senhor possui embarcaç†o pr„pria? _ Sim _ N†o
8;2.6;Categorica exclusiva;Var0806;;;Se o senhor n†o possui embarcaç†o pr„pria, esta embarcaç†o _: _ Emprestada gratuitamente pela famÍlia _ Emprestada gratuitamente por amigos ... _ Outros
8;2.6.1;Textual-numerica;Var0807;;;Outros: __________
8;2.7;Textual-numerico;Var0808;;;Se aluga, quanto o senhor paga?
8;2.7.1;Categorica exclusiva;Var0809;;;_ Por dia _ Por semana _ Por mês
8;2.8;Categorica exclusiva;Var0810;;;Que combustÍvel o senhor utiliza? _ Diesel _ Gasolina
8;2.9;Categorica exclusiva;Var0811;;;Como _ realizado o transporte do caranguejo? _ Saca _ Paneiro _ Amarrado em cambadas _ Basqueta _ Caixa plˆstica _ Outros
8;2.9.1;Textual-numerica;Var0812;;;Outros: __________
8;2.10;N‹o h‡ (enunciado de quest‹o);N†o hˆ (enunciado de quest†o);;;Quais foram os custos de equipamentos para pesca e beneficiamento? Com quais recursos foram adquiridos? Quantos foram comprados e ser†o substituÍdos?
;;Descriç‹o;Descriç†o;;;Embarcaç†o
8;2.10.1x1;Textual-numerica;Var0813;;;Bens: Qual a metragem? 1_ __________
8;2.10.1x2;Numerica;Var0814;;;Ano de compra: 1_ __________
8;2.10.1x3;Numerica;Var0815;;;Quantidade: 1_ __________
8;2.10.1x4;Numerica;Var0816;;;Valor Unitˆrio de Compra (R$): 1_ __________
8;2.10.1x5;Categorica exclusiva;Var0817;;;Fonte de recurso: 1_ _ Pr„pria _ Financiada _ Doaç†o
8;2.10.1x6;Textual-numerica;Var0818;;;Quando serˆ substituÍdo? Ano __________
8;2.10.1x7;Categorica exclusiva;Var0819;;;Quando serˆ substituÍdo? _ N†o sabe _ N†o respondeu
8;2.10.2x1;Textual-numerica;Var0820;;;Bens: Qual a metragem? 2_ __________
8;2.10.2x2;Numerica;Var0821;;;Ano de compra: 2_ __________
8;2.10.2x3;Numerica;Var0822;;;Quantidade: 2_ __________
8;2.10.2x4;Numerica;Var0823;;;Valor Unitˆrio de Compra (R$): 2_ __________
8;2.10.2x5;Categorica exclusiva;Var0824;;;Fonte de recurso: 2_ _ Pr„pria _ Financiada _ Doaç†o
8;2.10.2x6;Textual-numerica;Var0825;;;Quando serˆ substituÍdo? Ano __________
8;2.10.2x7;Categorica exclusiva;Var0826;;;Quando serˆ substituÍdo? _ N†o sabe _ N†o respondeu
8;2.10.3x1;Textual-numerica;Var0827;;;Bens: Qual a metragem? 3_ __________
8;2.10.3x2;Numerica;Var0828;;;Ano de compra: 3_ __________
8;2.10.3x3;Numerica;Var0829;;;Quantidade: 3_ __________
8;2.10.3x4;Numerica;Var0830;;;Valor Unitˆrio de Compra (R$): 3_ __________
8;2.10.3x5;Categorica exclusiva;Var0831;;;Fonte de recurso: 3_ _ Pr„pria _ Financiada _ Doaç†o
8;2.10.3x6;Textual-numerica;Var0832;;;Quando serˆ substituÍdo? Ano __________
8;2.10.3x7;Categorica exclusiva;Var0833;;;Quando serˆ substituÍdo? _ N†o sabe _ N†o respondeu
;;Descriç‹o;Descriç†o;;;Motor
8;2.10.4x1;Textual-numerica;Var0834;;;Bens: Qual potência? 1_ __________
8;2.10.4x2;Numerica;Var0835;;;Ano de compra: 1_ __________
8;2.10.4x3;Numerica;Var0836;;;Quantidade: 1_ __________
8;2.10.4x4;Numerica;Var0837;;;Valor Unitˆrio de Compra (R$): 1_ __________
8;2.10.4x5;Categorica exclusiva;Var0838;;;Fonte de recurso: 1_ _ Pr„pria _ Financiada _ Doaç†o
8;2.10.4x6;Textual-numerica;Var0839;;;Quando serˆ substituÍdo? Ano __________
8;2.10.4x7;Categorica exclusiva;Var0840;;;Quando serˆ substituÍdo? _ N†o sabe _ N†o respondeu
8;2.10.5x1;Textual-numerica;Var0841;;;Bens: Qual potência? 2_ __________
8;2.10.5x2;Numerica;Var0842;;;Ano de compra: 2_ __________
8;2.10.5x3;Numerica;Var0843;;;Quantidade: 2_ __________
8;2.10.5x4;Numerica;Var0844;;;Valor Unitˆrio de Compra (R$): 2_ __________
8;2.10.5x5;Categorica exclusiva;Var0845;;;Fonte de recurso: 2_ _ Pr„pria _ Financiada _ Doaç†o
8;2.10.5x6;Textual-numerica;Var0846;;;Quando serˆ substituÍdo? Ano __________
8;2.10.5x7;Categorica exclusiva;Var0847;;;Quando serˆ substituÍdo? _ N†o sabe _ N†o respondeu
8;2.10.6x1;Textual-numerica;Var0848;;;Bens: Qual potência? 3_ __________
8;2.10.6x2;Numerica;Var0849;;;Ano de compra: 3_ __________
8;2.10.6x3;Numerica;Var0850;;;Quantidade: 3_ __________
8;2.10.6x4;Numerica;Var0851;;;Valor Unitˆrio de Compra (R$): 3_ __________
8;2.10.6x5;Categorica exclusiva;Var0852;;;Fonte de recurso: 3_ _ Pr„pria _ Financiada _ Doaç†o
8;2.10.6x6;Textual-numerica;Var0853;;;Quando serˆ substituÍdo? Ano __________
8;2.10.6x7;Categorica exclusiva;Var0854;;;Quando serˆ substituÍdo? _ N†o sabe _ N†o respondeu
;;Descriç‹o;Descriç†o;;;Rede de arrasto (tecido, chumbo e b„ia)
8;2.10.7x1;Textual-numerica;Var0855;;;Bens: Qual tamanho? 1_ __________
8;2.10.7x2;Numerica;Var0856;;;Ano de compra: 1_ __________
8;2.10.7x3;Numerica;Var0857;;;Quantidade: 1_ __________
8;2.10.7x4;Numerica;Var0858;;;Valor Unitˆrio de Compra (R$): 1_ __________
8;2.10.7x5;Categorica exclusiva;Var0859;;;Fonte de recurso: 1_ _ Pr„pria _ Financiada _ Doaç†o
8;2.10.7x6;Textual-numerica;Var0860;;;Quando serˆ substituÍdo? Ano __________
8;2.10.7x7;Categorica exclusiva;Var0861;;;Quando serˆ substituÍdo? _ N†o sabe _ N†o respondeu
8;2.10.8x1;Textual-numerica;Var0862;;;Bens: Qual tamanho? 2_ __________
8;2.10.8x2;Numerica;Var0863;;;Ano de compra: 2_ __________
8;2.10.8x3;Numerica;Var0864;;;Quantidade: 2_ __________
8;2.10.8x4;Numerica;Var0865;;;Valor Unitˆrio de Compra (R$): 2_ __________
8;2.10.8x5;Categorica exclusiva;Var0866;;;Fonte de recurso: 2_ _ Pr„pria _ Financiada _ Doaç†o
8;2.10.8x6;Textual-numerica;Var0867;;;Quando serˆ substituÍdo? Ano __________
8;2.10.8x7;Categorica exclusiva;Var0868;;;Quando serˆ substituÍdo? _ N†o sabe _ N†o respondeu
8;2.10.9x1;Textual-numerica;Var0869;;;Bens: Qual tamanho? 3_ __________
8;2.10.9x2;Numerica;Var0870;;;Ano de compra: 3_ __________
8;2.10.9x3;Numerica;Var0871;;;Quantidade: 3_ __________
8;2.10.9x4;Numerica;Var0872;;;Valor Unitˆrio de Compra (R$): 3_ __________
8;2.10.9x5;Categorica exclusiva;Var0873;;;Fonte de recurso: 3_ _ Pr„pria _ Financiada _ Doaç†o
8;2.10.9x6;Textual-numerica;Var0874;;;Quando serˆ substituÍdo? Ano __________
8;2.10.9x7;Categorica exclusiva;Var0875;;;Quando serˆ substituÍdo? _ N†o sabe _ N†o respondeu
;;Descriç‹o;Descriç†o;;;Tarrafa
8;2.10.10x1;Textual-numerica;Var0876;;;Bens: Qual tamanho? 1_ __________
8;2.10.10x2;Numerica;Var0877;;;Ano de compra: 1_ __________
8;2.10.10x3;Numerica;Var0878;;;Quantidade: 1_ __________
8;2.10.10x4;Numerica;Var0879;;;Valor Unitˆrio de Compra (R$): 1_ __________
8;2.10.10x5;Categorica exclusiva;Var0880;;;Fonte de recurso: 1_ _ Pr„pria _ Financiada _ Doaç†o
8;2.10.10x6;Textual-numerica;Var0881;;;Quando serˆ substituÍdo? Ano __________
8;2.10.10x7;Categorica exclusiva;Var0882;;;Quando serˆ substituÍdo? _ N†o sabe _ N†o respondeu
8;2.10.11x1;Textual-numerica;Var0883;;;Bens: Qual tamanho? 2_ __________
8;2.10.11x2;Numerica;Var0884;;;Ano de compra: 2_ __________
8;2.10.11x3;Numerica;Var0885;;;Quantidade: 2_ __________
8;2.10.11x4;Numerica;Var0886;;;Valor Unitˆrio de Compra (R$): 2_ __________
8;2.10.11x5;Categorica exclusiva;Var0887;;;Fonte de recurso: 2_ _ Pr„pria _ Financiada _ Doaç†o
8;2.10.11x6;Textual-numerica;Var0888;;;Quando serˆ substituÍdo? Ano __________
8;2.10.11x7;Categorica exclusiva;Var0889;;;Quando serˆ substituÍdo? _ N†o sabe _ N†o respondeu
8;2.10.12x1;Textual-numerica;Var0890;;;Bens: Qual tamanho? 3_ __________
8;2.10.12x2;Numerica;Var0891;;;Ano de compra: 3_ __________
8;2.10.12x3;Numerica;Var0892;;;Quantidade: 3_ __________
8;2.10.12x4;Numerica;Var0893;;;Valor Unitˆrio de Compra (R$): 3_ __________
8;2.10.12x5;Categorica exclusiva;Var0894;;;Fonte de recurso: 3_ _ Pr„pria _ Financiada _ Doaç†o
8;2.10.12x6;Textual-numerica;Var0895;;;Quando serˆ substituÍdo? Ano __________
8;2.10.12x7;Categorica exclusiva;Var0896;;;Quando serˆ substituÍdo? _ N†o sabe _ N†o respondeu
;;Descriç‹o;Descriç†o;;;Matapi
8;2.10.13x1;Textual-numerica;Var0897;;;Bens: Qual tamanho? 1_ __________
8;2.10.13x2;Numerica;Var0898;;;Ano de compra: 1_ __________
8;2.10.13x3;Numerica;Var0899;;;Quantidade: 1_ __________
8;2.10.13x4;Numerica;Var0900;;;Valor Unitˆrio de Compra (R$): 1_ __________
8;2.10.13x5;Categorica exclusiva;Var0901;;;Fonte de recurso: 1_ _ Pr„pria _ Financiada _ Doaç†o
8;2.10.13x6;Textual-numerica;Var0902;;;Quando serˆ substituÍdo? Ano __________
8;2.10.13x7;Categorica exclusiva;Var0903;;;Quando serˆ substituÍdo? _ N†o sabe _ N†o respondeu
8;2.10.14x1;Textual-numerica;Var0904;;;Bens: Qual tamanho? 2_ __________
8;2.10.14x2;Numerica;Var0905;;;Ano de compra: 2_ __________
8;2.10.14x3;Numerica;Var0906;;;Quantidade: 2_ __________
8;2.10.14x4;Numerica;Var0907;;;Valor Unitˆrio de Compra (R$): 2_ __________
8;2.10.14x5;Categorica exclusiva;Var0908;;;Fonte de recurso: 2_ _ Pr„pria _ Financiada _ Doaç†o
8;2.10.14x6;Textual-numerica;Var0909;;;Quando serˆ substituÍdo? Ano __________
8;2.10.14x7;Categorica exclusiva;Var0910;;;Quando serˆ substituÍdo? _ N†o sabe _ N†o respondeu
8;2.10.15x1;Textual-numerica;Var0911;;;Bens: Qual tamanho? 3_ __________
8;2.10.15x2;Numerica;Var0912;;;Ano de compra: 3_ __________
8;2.10.15x3;Numerica;Var0913;;;Quantidade: 3_ __________
8;2.10.15x4;Numerica;Var0914;;;Valor Unitˆrio de Compra (R$): 3_ __________
8;2.10.15x5;Categorica exclusiva;Var0915;;;Fonte de recurso: 3_ _ Pr„pria _ Financiada _ Doaç†o
8;2.10.15x6;Textual-numerica;Var0916;;;Quando serˆ substituÍdo? Ano __________
8;2.10.15x7;Categorica exclusiva;Var0917;;;Quando serˆ substituÍdo? _ N†o sabe _ N†o respondeu
;;Descriç‹o;Descriç†o;;;Viveiro
8;2.10.16x1;Textual-numerica;Var0918;;;Bens: Qual tamanho? 1_ __________
8;2.10.16x2;Numerica;Var0919;;;Ano de compra: 1_ __________
8;2.10.16x3;Numerica;Var0920;;;Quantidade: 1_ __________
8;2.10.16x4;Numerica;Var0921;;;Valor Unitˆrio de Compra (R$): 1_ __________
8;2.10.16x5;Categorica exclusiva;Var0922;;;Fonte de recurso: 1_ _ Pr„pria _ Financiada _ Doaç†o
8;2.10.16x6;Textual-numerica;Var0923;;;Quando serˆ substituÍdo? Ano __________
8;2.10.16x7;Categorica exclusiva;Var0924;;;Quando serˆ substituÍdo? _ N†o sabe _ N†o respondeu
8;2.10.17x1;Textual-numerica;Var0925;;;Bens: Qual tamanho? 2_ __________
8;2.10.17x2;Numerica;Var0926;;;Ano de compra: 2_ __________
8;2.10.17x3;Numerica;Var0927;;;Quantidade: 2_ __________
8;2.10.17x4;Numerica;Var0928;;;Valor Unitˆrio de Compra (R$): 2_ __________
8;2.10.17x5;Categorica exclusiva;Var0929;;;Fonte de recurso: 2_ _ Pr„pria _ Financiada _ Doaç†o
8;2.10.17x6;Textual-numerica;Var0930;;;Quando serˆ substituÍdo? Ano __________
8;2.10.17x7;Categorica exclusiva;Var0931;;;Quando serˆ substituÍdo? _ N†o sabe _ N†o respondeu
8;2.10.18x1;Textual-numerica;Var0932;;;Bens: Qual tamanho? 3_ __________
8;2.10.18x2;Numerica;Var0933;;;Ano de compra: 3_ __________
8;2.10.18x3;Numerica;Var0934;;;Quantidade: 3_ __________
8;2.10.18x4;Numerica;Var0935;;;Valor Unitˆrio de Compra (R$): 3_ __________
8;2.10.18x5;Categorica exclusiva;Var0936;;;Fonte de recurso: 3_ _ Pr„pria _ Financiada _ Doaç†o
8;2.10.18x6;Textual-numerica;Var0937;;;Quando serˆ substituÍdo? Ano __________
8;2.10.18x7;Categorica exclusiva;Var0938;;;Quando serˆ substituÍdo? _ N†o sabe _ N†o respondeu
;;Descriç‹o;Descriç†o;;;Cuba/Caixa de isopor
8;2.10.19x1;Textual-numerica;Var0939;;;Bens: Qual tamanho? 1_ __________
8;2.10.19x2;Numerica;Var0940;;;Ano de compra: 1_ __________
8;2.10.19x3;Numerica;Var0941;;;Quantidade: 1_ __________
8;2.10.19x4;Numerica;Var0942;;;Valor Unitˆrio de Compra (R$): 1_ __________
8;2.10.19x5;Categorica exclusiva;Var0943;;;Fonte de recurso: 1_ _ Pr„pria _ Financiada _ Doaç†o
8;2.10.19x6;Textual-numerica;Var0944;;;Quando serˆ substituÍdo? Ano __________
8;2.10.19x7;Categorica exclusiva;Var0945;;;Quando serˆ substituÍdo? _ N†o sabe _ N†o respondeu
8;2.10.20x1;Textual-numerica;Var0946;;;Bens: Qual tamanho? 2_ __________
8;2.10.20x2;Numerica;Var0947;;;Ano de compra: 2_ __________
8;2.10.20x3;Numerica;Var0948;;;Quantidade: 2_ __________
8;2.10.20x4;Numerica;Var0949;;;Valor Unitˆrio de Compra (R$): 2_ __________
8;2.10.20x5;Categorica exclusiva;Var0950;;;Fonte de recurso: 2_ _ Pr„pria _ Financiada _ Doaç†o
8;2.10.20x6;Textual-numerica;Var0951;;;Quando serˆ substituÍdo? Ano __________
8;2.10.20x7;Categorica exclusiva;Var0952;;;Quando serˆ substituÍdo? _ N†o sabe _ N†o respondeu
8;2.10.21x1;Textual-numerica;Var0953;;;Bens: Qual tamanho? 3_ __________
8;2.10.21x2;Numerica;Var0954;;;Ano de compra: 3_ __________
8;2.10.21x3;Numerica;Var0955;;;Quantidade: 3_ __________
8;2.10.21x4;Numerica;Var0956;;;Valor Unitˆrio de Compra (R$): 3_ __________
8;2.10.21x5;Categorica exclusiva;Var0957;;;Fonte de recurso: 3_ _ Pr„pria _ Financiada _ Doaç†o
8;2.10.21x6;Textual-numerica;Var0958;;;Quando serˆ substituÍdo? Ano __________
8;2.10.21x7;Categorica exclusiva;Var0959;;;Quando serˆ substituÍdo? _ N†o sabe _ N†o respondeu
;;Descriç‹o;Descriç†o;;;Fog†o
8;2.10.22x1;Textual-numerica;Var0960;;;Bens: 1_ __________
8;2.10.22x2;Numerica;Var0961;;;Ano de compra: 1_ __________
8;2.10.22x3;Numerica;Var0962;;;Quantidade: 1_ __________
8;2.10.22x4;Numerica;Var0963;;;Valor Unitˆrio de Compra (R$): 1_ __________
8;2.10.22x5;Categorica exclusiva;Var0964;;;Fonte de recurso: 1_ _ Pr„pria _ Financiada _ Doaç†o
8;2.10.22x6;Textual-numerica;Var0965;;;Quando serˆ substituÍdo? Ano __________
8;2.10.22x7;Categorica exclusiva;Var0966;;;Quando serˆ substituÍdo? _ N†o sabe _ N†o respondeu
8;2.10.23x1;Textual-numerica;Var0967;;;Bens: 2_ __________
8;2.10.23x2;Numerica;Var0968;;;Ano de compra: 2_ __________
8;2.10.23x3;Numerica;Var0969;;;Quantidade: 2_ __________
8;2.10.23x4;Numerica;Var0970;;;Valor Unitˆrio de Compra (R$): 2_ __________
8;2.10.23x5;Categorica exclusiva;Var0971;;;Fonte de recurso: 2_ _ Pr„pria _ Financiada _ Doaç†o
8;2.10.23x6;Textual-numerica;Var0972;;;Quando serˆ substituÍdo? Ano __________
8;2.10.23x7;Categorica exclusiva;Var0973;;;Quando serˆ substituÍdo? _ N†o sabe _ N†o respondeu
8;2.10.24x1;Textual-numerica;Var0974;;;Bens: 3_ __________
8;2.10.24x2;Numerica;Var0975;;;Ano de compra: 3_ __________
8;2.10.24x3;Numerica;Var0976;;;Quantidade: 3_ __________
8;2.10.24x4;Numerica;Var0977;;;Valor Unitˆrio de Compra (R$): 3_ __________
8;2.10.24x5;Categorica exclusiva;Var0978;;;Fonte de recurso: 3_ _ Pr„pria _ Financiada _ Doaç†o
8;2.10.24x6;Textual-numerica;Var0979;;;Quando serˆ substituÍdo? Ano __________
8;2.10.24x7;Categorica exclusiva;Var0980;;;Quando serˆ substituÍdo? _ N†o sabe _ N†o respondeu
;;Descriç‹o;Descriç†o;;;Freezer
8;2.10.25x1;Textual-numerica;Var0981;;;Bens: 1_ __________
8;2.10.25x2;Numerica;Var0982;;;Ano de compra: 1_ __________
8;2.10.25x3;Numerica;Var0983;;;Quantidade: 1_ __________
8;2.10.25x4;Numerica;Var0984;;;Valor Unitˆrio de Compra (R$): 1_ __________
8;2.10.25x5;Categorica exclusiva;Var0985;;;Fonte de recurso: 1_ _ Pr„pria _ Financiada _ Doaç†o
8;2.10.25x6;Textual-numerica;Var0986;;;Quando serˆ substituÍdo? Ano __________
8;2.10.25x7;Categorica exclusiva;Var0987;;;Quando serˆ substituÍdo? _ N†o sabe _ N†o respondeu
8;2.10.26x1;Textual-numerica;Var0988;;;Bens: 2_ __________
8;2.10.26x2;Numerica;Var0989;;;Ano de compra: 2_ __________
8;2.10.26x3;Numerica;Var0990;;;Quantidade: 2_ __________
8;2.10.26x4;Numerica;Var0991;;;Valor Unitˆrio de Compra (R$): 2_ __________
8;2.10.26x5;Categorica exclusiva;Var0992;;;Fonte de recurso: 2_ _ Pr„pria _ Financiada _ Doaç†o
8;2.10.26x6;Textual-numerica;Var0993;;;Quando serˆ substituÍdo? Ano __________
8;2.10.26x7;Categorica exclusiva;Var0994;;;Quando serˆ substituÍdo? _ N†o sabe _ N†o respondeu
8;2.10.27x1;Textual-numerica;Var0995;;;Bens: 3_ __________
8;2.10.27x2;Numerica;Var0996;;;Ano de compra: 3_ __________
8;2.10.27x3;Numerica;Var0997;;;Quantidade: 3_ __________
8;2.10.27x4;Numerica;Var0998;;;Valor Unitˆrio de Compra (R$): 3_ __________
8;2.10.27x5;Categorica exclusiva;Var0999;;;Fonte de recurso: 3_ _ Pr„pria _ Financiada _ Doaç†o
8;2.10.27x6;Textual-numerica;Var1000;;;Quando serˆ substituÍdo? Ano __________
8;2.10.27x7;Categorica exclusiva;Var1001;;;Quando serˆ substituÍdo? _ N†o sabe _ N†o respondeu
;;Descriç‹o;Descriç†o;;;Geladeira
8;2.10.28x1;Textual-numerica;Var1002;;;Bens: 1_ __________
8;2.10.28x2;Numerica;Var1003;;;Ano de compra: 1_ __________
8;2.10.28x3;Numerica;Var1004;;;Quantidade: 1_ __________
8;2.10.28x4;Numerica;Var1005;;;Valor Unitˆrio de Compra (R$): 1_ __________
8;2.10.28x5;Categorica exclusiva;Var1006;;;Fonte de recurso: 1_ _ Pr„pria _ Financiada _ Doaç†o
8;2.10.28x6;Textual-numerica;Var1007;;;Quando serˆ substituÍdo? Ano __________
8;2.10.28x7;Categorica exclusiva;Var1008;;;Quando serˆ substituÍdo? _ N†o sabe _ N†o respondeu
8;2.10.29x1;Textual-numerica;Var1009;;;Bens: 2_ __________
8;2.10.29x2;Numerica;Var1010;;;Ano de compra: 2_ __________
8;2.10.29x3;Numerica;Var1011;;;Quantidade: 2_ __________
8;2.10.29x4;Numerica;Var1012;;;Valor Unitˆrio de Compra (R$): 2_ __________
8;2.10.29x5;Categorica exclusiva;Var1013;;;Fonte de recurso: 2_ _ Pr„pria _ Financiada _ Doaç†o
8;2.10.29x6;Textual-numerica;Var1014;;;Quando serˆ substituÍdo? Ano __________
8;2.10.29x7;Categorica exclusiva;Var1015;;;Quando serˆ substituÍdo? _ N†o sabe _ N†o respondeu
8;2.10.30x1;Textual-numerica;Var1016;;;Bens: 3_ __________
8;2.10.30x2;Numerica;Var1017;;;Ano de compra: 3_ __________
8;2.10.30x3;Numerica;Var1018;;;Quantidade: 3_ __________
8;2.10.30x4;Numerica;Var1019;;;Valor Unitˆrio de Compra (R$): 3_ __________
8;2.10.30x5;Categorica exclusiva;Var1020;;;Fonte de recurso: 3_ _ Pr„pria _ Financiada _ Doaç†o
8;2.10.30x6;Textual-numerica;Var1021;;;Quando serˆ substituÍdo? Ano __________
8;2.10.30x7;Categorica exclusiva;Var1022;;;Quando serˆ substituÍdo? _ N†o sabe _ N†o respondeu
;;Descriç‹o;Descriç†o;;;Outro
8;2.10.31x1;Textual-numerica;Var1023;;;Bens: 1_ __________
8;2.10.31x2;Numerica;Var1024;;;Ano de compra: 1_ __________
8;2.10.31x3;Numerica;Var1025;;;Quantidade: 1_ __________
8;2.10.31x4;Numerica;Var1026;;;Valor Unitˆrio de Compra (R$): 1_ __________
8;2.10.31x5;Categorica exclusiva;Var1027;;;Fonte de recurso: 1_ _ Pr„pria _ Financiada _ Doaç†o
8;2.10.31x6;Textual-numerica;Var1028;;;Quando serˆ substituÍdo? Ano __________
8;2.10.31x7;Categorica exclusiva;Var1029;;;Quando serˆ substituÍdo? _ N†o sabe _ N†o respondeu
8;2.10.32x1;Textual-numerica;Var1030;;;Bens: 2_ __________
8;2.10.32x2;Numerica;Var1031;;;Ano de compra: 2_ __________
8;2.10.32x3;Numerica;Var1032;;;Quantidade: 2_ __________
8;2.10.32x4;Numerica;Var1033;;;Valor Unitˆrio de Compra (R$): 2_ __________
8;2.10.32x5;Categorica exclusiva;Var1034;;;Fonte de recurso: 2_ _ Pr„pria _ Financiada _ Doaç†o
8;2.10.32x6;Textual-numerica;Var1035;;;Quando serˆ substituÍdo? Ano __________
8;2.10.32x7;Categorica exclusiva;Var1036;;;Quando serˆ substituÍdo? _ N†o sabe _ N†o respondeu
8;2.10.33x1;Textual-numerica;Var1037;;;Bens: 3_ __________
8;2.10.33x2;Numerica;Var1038;;;Ano de compra: 3_ __________
8;2.10.33x3;Numerica;Var1039;;;Quantidade: 3_ __________
8;2.10.33x4;Numerica;Var1040;;;Valor Unitˆrio de Compra (R$): 3_ __________
8;2.10.33x5;Categorica exclusiva;Var1041;;;Fonte de recurso: 3_ _ Pr„pria _ Financiada _ Doaç†o
8;2.10.33x6;Textual-numerica;Var1042;;;Quando serˆ substituÍdo? Ano __________
8;2.10.33x7;Categorica exclusiva;Var1043;;;Quando serˆ substituÍdo? _ N†o sabe _ N†o respondeu
8;3.1;N‹o h‡ (enunciado de quest‹o);N†o hˆ (enunciado de quest†o);;;Quais recursos s†o necessˆrios para pesca e beneficiamento? Qual preço m_dio unitˆrio em 2015?
8;3.1.1x1;Descriç‹o;Descriç†o;;;Recurso: CombustÍvel
8;3.1.1x2;Numerica;Var1044;;;"Quantidade ""ida e volta"" no mesmo dia (litros): __________"
8;3.1.1x3;Categorica exclusiva;Var1045;;;Frequência de uso: _ Por dia _ Por semana
8;3.1.1x4;Numerica;Var1046;;;"Quantidade ""decida"" durante alguns dias (litros): __________"
8;3.1.1x5;Categorica exclusiva;Var1047;;;Frequência de uso: _ Por viagem _ Por semana
8;3.1.1x6;Numerica;Var1048;;;Preço unitˆrio (R$): __________
8;3.1.2x1;Descriç‹o;Descriç†o;;;Recurso: Farinha
8;3.1.2x2;Numerica;Var1049;;;"Quantidade ""ida e volta"" no mesmo dia (kg/litro): __________"
8;3.1.2x3;Categorica exclusiva;Var1050;;;Frequência de uso: _ Por dia _ Por semana
8;3.1.2x4;Numerica;Var1051;;;"Quantidade ""decida"" durante alguns dias (kg/litro): __________"
8;3.1.2x5;Categorica exclusiva;Var1052;;;Frequência de uso: _ Por viagem _ Por semana
8;3.1.2x6;Numerica;Var1053;;;Preço unitˆrio (R$): __________
8;3.1.3x1;Descriç‹o;Descriç†o;;;Recurso: Sardinha
8;3.1.3x2;Numerica;Var1054;;;"Quantidade ""ida e volta"" no mesmo dia (latas): __________"
8;3.1.3x3;Categorica exclusiva;Var1055;;;Frequência de uso: _ Por dia _ Por semana
8;3.1.3x4;Numerica;Var1056;;;"Quantidade ""decida"" durante alguns dias (latas): __________"
8;3.1.3x5;Categorica exclusiva;Var1057;;;Frequência de uso: _ Por viagem _ Por semana
8;3.1.3x6;Numerica;Var1058;;;Preço unitˆrio (R$): __________
8;3.1.4x1;Descriç‹o;Descriç†o;;;Recurso: Conserva
8;3.1.4x2;Numerica;Var1059;;;"Quantidade ""ida e volta"" no mesmo dia (latas): __________"
8;3.1.4x3;Categorica exclusiva;Var1060;;;Frequência de uso: _ Por dia _ Por semana
8;3.1.4x4;Numerica;Var1061;;;"Quantidade ""decida"" durante alguns dias (latas): __________"
8;3.1.4x5;Categorica exclusiva;Var1062;;;Frequência de uso: _ Por viagem _ Por semana
8;3.1.4x6;Numerica;Var1063;;;Preço unitˆrio (R$): __________
8;3.1.5x1;Descriç‹o;Descriç†o;;;Recurso: Sal
8;3.1.5x2;Numerica;Var1064;;;"Quantidade ""ida e volta"" no mesmo dia (quilos): __________"
8;3.1.5x3;Categorica exclusiva;Var1065;;;Frequência de uso: _ Por dia _ Por semana
8;3.1.5x4;Numerica;Var1066;;;"Quantidade ""decida"" durante alguns dias (quilos): __________"
8;3.1.5x5;Categorica exclusiva;Var1067;;;Frequência de uso: _ Por viagem _ Por semana
8;3.1.5x6;Numerica;Var1068;;;Preço unitˆrio (R$): __________
8;3.1.6x1;Descriç‹o;Descriç†o;;;Recurso: Arroz
8;3.1.6x2;Numerica;Var1069;;;"Quantidade ""ida e volta"" no mesmo dia (quilos): __________"
8;3.1.6x3;Categorica exclusiva;Var1070;;;Frequência de uso: _ Por dia _ Por semana
8;3.1.6x4;Numerica;Var1071;;;"Quantidade ""decida"" durante alguns dias (quilos): __________"
8;3.1.6x5;Categorica exclusiva;Var1072;;;Frequência de uso: _ Por viagem _ Por semana
8;3.1.6x6;Numerica;Var1073;;;Preço unitˆrio (R$): __________
8;3.1.7x1;Descriç‹o;Descriç†o;;;Recurso: Feij†o
8;3.1.7x2;Numerica;Var1074;;;"Quantidade ""ida e volta"" no mesmo dia (quilos): __________"
8;3.1.7x3;Categorica exclusiva;Var1075;;;Frequência de uso: _ Por dia _ Por semana
8;3.1.7x4;Numerica;Var1076;;;"Quantidade ""decida"" durante alguns dias (quilos): __________"
8;3.1.7x5;Categorica exclusiva;Var1077;;;Frequência de uso: _ Por viagem _ Por semana
8;3.1.7x6;Numerica;Var1078;;;Preço unitˆrio (R$): __________
8;3.1.8x1;Descriç‹o;Descriç†o;;;Recurso: Suco
8;3.1.8x2;Numerica;Var1079;;;"Quantidade ""ida e volta"" no mesmo dia (pacotes): __________"
8;3.1.8x3;Categorica exclusiva;Var1080;;;Frequência de uso: _ Por dia _ Por semana
8;3.1.8x4;Numerica;Var1081;;;"Quantidade ""decida"" durante alguns dias (pacotes): __________"
8;3.1.8x5;Categorica exclusiva;Var1082;;;Frequência de uso: _ Por viagem _ Por semana
8;3.1.8x6;Numerica;Var1083;;;Preço unitˆrio (R$): __________
8;3.1.9x1;Descriç‹o;Descriç†o;;;Recurso: Bolacha
8;3.1.9x2;Numerica;Var1084;;;"Quantidade ""ida e volta"" no mesmo dia (pacotes): __________"
8;3.1.9x3;Categorica exclusiva;Var1085;;;Frequência de uso: _ Por dia _ Por semana
8;3.1.9x4;Numerica;Var1086;;;"Quantidade ""decida"" durante alguns dias (pacotes): __________"
8;3.1.9x5;Categorica exclusiva;Var1087;;;Frequência de uso: _ Por viagem _ Por semana
8;3.1.9x6;Numerica;Var1088;;;Preço unitˆrio (R$): __________
8;3.1.10x1;Descriç‹o;Descriç†o;;;Recurso: Gelo
8;3.1.10x2;Numerica;Var1089;;;"Quantidade ""ida e volta"" no mesmo dia (quilos): __________"
8;3.1.10x3;Categorica exclusiva;Var1090;;;Frequência de uso: _ Por dia _ Por semana
8;3.1.10x4;Numerica;Var1091;;;"Quantidade ""decida"" durante alguns dias (quilos): __________"
8;3.1.10x5;Categorica exclusiva;Var1092;;;Frequência de uso: _ Por viagem _ Por semana
8;3.1.10x6;Numerica;Var1093;;;Preço unitˆrio (R$): __________
8;3.1.11x1;Descriç‹o;Descriç†o;;;Recurso: Querosene
8;3.1.11x2;Numerica;Var1094;;;"Quantidade ""ida e volta"" no mesmo dia (litros): __________"
8;3.1.11x3;Categorica exclusiva;Var1095;;;Frequência de uso: _ Por dia _ Por semana
8;3.1.11x4;Numerica;Var1096;;;"Quantidade ""decida"" durante alguns dias (litros): __________"
8;3.1.11x5;Categorica exclusiva;Var1097;;;Frequência de uso: _ Por viagem _ Por semana
8;3.1.11x6;Numerica;Var1098;;;Preço unitˆrio (R$): __________
8;3.1.12x1;Descriç‹o;Descriç†o;;;Recurso: Óleo diesel (ascender fogo e repelente)
8;3.1.12x2;Numerica;Var1099;;;"Quantidade ""ida e volta"" no mesmo dia (litros): __________"
8;3.1.12x3;Categorica exclusiva;Var1100;;;Frequência de uso: _ Por dia _ Por semana
8;3.1.12x4;Numerica;Var1101;;;"Quantidade ""decida"" durante alguns dias (litros): __________"
8;3.1.12x5;Categorica exclusiva;Var1102;;;Frequência de uso: _ Por viagem _ Por semana
8;3.1.12x6;Numerica;Var1103;;;Preço unitˆrio (R$): __________
8;3.1.13x1;Descriç‹o;Descriç†o;;;Recurso: Carv†o
8;3.1.13x2;Numerica;Var1104;;;"Quantidade ""ida e volta"" no mesmo dia (litros): __________"
8;3.1.13x3;Categorica exclusiva;Var1105;;;Frequência de uso: _ Por dia _ Por semana
8;3.1.13x4;Numerica;Var1106;;;"Quantidade ""decida"" durante alguns dias (litros): __________"
8;3.1.13x5;Categorica exclusiva;Var1107;;;Frequência de uso: _ Por viagem _ Por semana
8;3.1.13x6;Numerica;Var1108;;;Preço unitˆrio (R$): __________
8;3.1.14x1;Categorica exclusiva;Var1109;;;Recurso: Lenha para beneficiamento. _ 1 paneiro _ 1 saca _ 1 cambada _ 1 quilo
8;3.1.14x2;Numerica;Var1110;;;"Quantidade ""ida e volta"" no mesmo dia (unidades): __________"
8;3.1.14x3;Categorica exclusiva;Var1111;;;Frequência de uso: _ Por dia _ Por semana
8;3.1.14x4;Numerica;Var1112;;;"Quantidade ""decida"" durante alguns dias (unidades): __________"
8;3.1.14x5;Categorica exclusiva;Var1113;;;Frequência de uso: _ Por viagem _ Por semana
8;3.1.14x6;Numerica;Var1114;;;Preço unitˆrio (R$): __________
8;3.1.15x1;Categorica exclusiva;Var1115;;;Recurso: Sal para beneficiamento. _ 1 paneiro _ 1 saca _ 1 cambada _ 1 quilo
8;3.1.15x2;Numerica;Var1116;;;"Quantidade ""ida e volta"" no mesmo dia (quilos): __________"
8;3.1.15x3;Categorica exclusiva;Var1117;;;Frequência de uso: _ Por dia _ Por semana
8;3.1.15x4;Numerica;Var1118;;;"Quantidade ""decida"" durante alguns dias (quilos): __________"
8;3.1.15x5;Categorica exclusiva;Var1119;;;Frequência de uso: _ Por viagem _ Por semana
8;3.1.15x6;Numerica;Var1120;;;Preço unitˆrio (R$): __________
8;3.1.16x1;Categorica exclusiva;Var1121;;;Recurso: M†o de obra para beneficiamento. _ 1 paneiro _ 1 saca _ 1 cambada _ 1 quilo
8;3.1.16x2;Numerica;Var1122;;;"Quantidade ""ida e volta"" no mesmo dia (pessoas): __________"
8;3.1.16x3;Categorica exclusiva;Var1123;;;Frequência de uso: _ Por dia _ Por semana
8;3.1.16x4;Numerica;Var1124;;;"Quantidade ""decida"" durante alguns dias (pessoas): __________"
8;3.1.16x5;Categorica exclusiva;Var1125;;;Frequência de uso: _ Por viagem _ Por semana
8;3.1.16x6;Numerica;Var1126;;;Preço unitˆrio (R$): __________
8;3.1.17x1;Descriç‹o;Descriç†o;;;Recurso: Outros
8;3.1.17x2;Numerica;Var1127;;;"Quantidade ""ida e volta"" no mesmo dia (unidades): __________"
8;3.1.17x3;Categorica exclusiva;Var1128;;;Frequência de uso: _ Por dia _ Por semana
8;3.1.17x4;Numerica;Var1129;;;"Quantidade ""decida"" durante alguns dias (unidades): __________"
8;3.1.17x5;Categorica exclusiva;Var1130;;;Frequência de uso: _ Por viagem _ Por semana
8;3.1.17x6;Numerica;Var1131;;;Preço unitˆrio (R$): __________
8;4.1;Categorica exclusiva;Var1132;;;Quanto deste total _ pago pelo patr†o da pesca? _ Nada _ 1/4 (menos da metade) _ Metade ... _ Todo o custo
8;5.1;N‹o h‡ (enunciado de quest‹o);N†o hˆ (enunciado de quest†o);;;Quais os gastos mensal ou anual o senhor realizou para continuar a pesca do caranguejo?
8;5.1.1x1;Descriç‹o;Descriç†o;;;Materiais e serviços: Calefaç†o
8;5.1.1x2;Categorica exclusiva;Var1133;;;Frequência do gasto: _ Todo mês _ 3x no ano _ 2x no ano _ 1x no ano _ 1x em 2 anos _ 1x em 3 anos _ Outro
8;5.1.1x3;Textual-numerica;Var1134;;;Outro: __________
8;5.1.1x4;Numerica;Var1135;;;Valor total no perÍodo (R$): __________
8;5.1.1x5;Categorica exclusiva;Var1136;;;Observaç†o: _ N†o sabe _ N†o utiliza _ N†o respondeu
8;5.1.2x1;Descriç‹o;Descriç†o;;;Materiais e serviços: Pintura
8;5.1.2x2;Categorica exclusiva;Var1137;;;Frequência do gasto: _ Todo mês _ 3x no ano _ 2x no ano _ 1x no ano _ 1x em 2 anos _ 1x em 3 anos _ Outro
8;5.1.2x3;Textual-numerica;Var1138;;;Outro: __________
8;5.1.2x4;Numerica;Var1139;;;Valor total no perÍodo (R$): __________
8;5.1.2x5;Categorica exclusiva;Var1140;;;Observaç†o: _ N†o sabe _ N†o utiliza _ N†o respondeu
8;5.1.3x1;Descriç‹o;Descriç†o;;;Materiais e serviços: Retifica de motor
8;5.1.3x2;Categorica exclusiva;Var1141;;;Frequência do gasto: _ Todo mês _ 3x no ano _ 2x no ano _ 1x no ano _ 1x em 2 anos _ 1x em 3 anos _ Outro
8;5.1.3x3;Textual-numerica;Var1142;;;Outro: __________
8;5.1.3x4;Numerica;Var1143;;;Valor total no perÍodo (R$): __________
8;5.1.3x5;Categorica exclusiva;Var1144;;;Observaç†o: _ N†o sabe _ N†o utiliza _ N†o respondeu
8;5.1.4x1;Descriç‹o;Descriç†o;;;Materiais e serviços: Trocas de peças
8;5.1.4x2;Categorica exclusiva;Var1145;;;Frequência do gasto: _ Todo mês _ 3x no ano _ 2x no ano _ 1x no ano _ 1x em 2 anos _ 1x em 3 anos _ Outro
8;5.1.4x3;Textual-numerica;Var1146;;;Outro: __________
8;5.1.4x4;Numerica;Var1147;;;Valor total no perÍodo (R$): __________
8;5.1.4x5;Categorica exclusiva;Var1148;;;Observaç†o: _ N†o sabe _ N†o utiliza _ N†o respondeu
;5.1.5x1;Descriç‹o;Descriç†o;;;Materiais e serviços: Outros
8;5.1.5x2;Categorica exclusiva;Var1149;;;Frequência do gasto: _ Todo mês _ 3x no ano _ 2x no ano _ 1x no ano _ 1x em 2 anos _ 1x em 3 anos _ Outro
8;5.1.5x3;Textual-numerica;Var1150;;;Outro: __________
8;5.1.5x4;Numerica;Var1151;;;Valor total no perÍodo (R$): __________
8;6.1;N‹o h‡ (enunciado de quest‹o);N†o hˆ (enunciado de quest†o);;;Quais atividades s†o as realizadas antes ou depois da pescaria? Quanto tempo essas atividades gastam? Quais s†o os recursos utilizados?
8;6.1.1x1;Descriç‹o;Descriç†o;;;Atividade: Preparo de laço
8;6.1.1x2;Numerica;Var1152;;;Tempo gasto: __________
8;6.1.1x3;Categorica exclusiva;Var1153;;;Tempo gasto: _ Horas/Dia _ Dias/Semana
8;6.1.1x4;Numerica;Var1154;;;Custo R$/ano: __________
8;6.1.2x1;Descriç‹o;Descriç†o;;;Atividade: Lavagem da roupa
8;6.1.2x2;Numerica;Var1155;;;Tempo gasto: __________
8;6.1.2x3;Categorica exclusiva;Var1156;;;Tempo gasto: _ Horas/Dia
8;6.1.3x1;Descriç‹o;Descriç†o;;;Atividade: Recolher e levar a embarcaç†o
8;6.1.3x2;Numerica;Var1157;;;Tempo gasto: __________
8;6.1.3x3;Categorica exclusiva;Var1158;;;Tempo gasto: _ Horas/Dia
8;6.1.4x1;Descriç‹o;Descriç†o;;;Atividade: Outros
8;6.1.4x2;Textual-numerica;Var1159;;;Tempo gasto: __________
8;6.1.4x3;Textual-numerica;Var1160;;;Custo R$/ano: __________
9;1.1;Textual-numerica;Var1161;;;De maneira geral, quais s†o os principais problemas enfrentados? Quais seriam as soluç_es? Problemas __________
9;1.1;Textual-numerica;Var1162;;;De maneira geral, quais s†o os principais problemas enfrentados? Quais seriam as soluç_es? Soluç_es __________